slice_file_name,fold,classID,class
mixed1_ch1_25%_-20ratio.wav,5,0,alarm
mixed1_ch1_50%_-20ratio.wav,5,0,alarm
mixed1_ch1_75%_-20ratio.wav,5,0,alarm
mixed1_ch1_100%_-20ratio.wav,5,0,alarm
mixed1_ch1_25%_-10ratio.wav,5,0,alarm
mixed1_ch1_50%_-10ratio.wav,5,0,alarm
mixed1_ch1_75%_-10ratio.wav,5,0,alarm
mixed1_ch1_100%_-10ratio.wav,5,0,alarm
mixed1_ch1_25%_0ratio.wav,5,0,alarm
mixed1_ch1_50%_0ratio.wav,5,0,alarm
mixed1_ch1_75%_0ratio.wav,5,0,alarm
mixed1_ch1_100%_0ratio.wav,5,0,alarm
mixed1_ch1_25%_10ratio.wav,5,0,alarm
mixed1_ch1_50%_10ratio.wav,5,0,alarm
mixed1_ch1_75%_10ratio.wav,5,0,alarm
mixed1_ch1_100%_10ratio.wav,5,0,alarm
noise_ch1_25%.wav,1,1,none
noise_ch1_50%.wav,1,1,none
noise_ch1_75%.wav,1,1,none
noise_ch1_100%.wav,1,1,none
noise_ch2_25%.wav,1,1,none
noise_ch2_50%.wav,1,1,none
noise_ch2_75%.wav,1,1,none
noise_ch2_100%.wav,1,1,none
noise_ch3_25%.wav,1,1,none
noise_ch3_50%.wav,1,1,none
noise_ch3_75%.wav,1,1,none
noise_ch3_100%.wav,1,1,none
noise_ch4_25%.wav,1,1,none
noise_ch4_50%.wav,1,1,none
noise_ch4_75%.wav,1,1,none
noise_ch4_100%.wav,1,1,none
mixed1_ch1_25%_20ratio.wav,5,0,alarm
mixed1_ch1_50%_20ratio.wav,5,0,alarm
mixed1_ch1_75%_20ratio.wav,5,0,alarm
mixed1_ch1_100%_20ratio.wav,5,0,alarm
mixed1_ch2_25%_-20ratio.wav,5,0,alarm
mixed1_ch2_50%_-20ratio.wav,5,0,alarm
mixed1_ch2_75%_-20ratio.wav,5,0,alarm
mixed1_ch2_100%_-20ratio.wav,5,0,alarm
mixed1_ch2_25%_-10ratio.wav,5,0,alarm
mixed1_ch2_50%_-10ratio.wav,5,0,alarm
mixed1_ch2_75%_-10ratio.wav,5,0,alarm
mixed1_ch2_100%_-10ratio.wav,5,0,alarm
mixed1_ch2_25%_0ratio.wav,5,0,alarm
mixed1_ch2_50%_0ratio.wav,5,0,alarm
mixed1_ch2_75%_0ratio.wav,5,0,alarm
mixed1_ch2_100%_0ratio.wav,5,0,alarm
noise_ch5_25%.wav,1,1,none
noise_ch5_50%.wav,1,1,none
noise_ch5_75%.wav,1,1,none
noise_ch5_100%.wav,1,1,none
noise_ch6_25%.wav,1,1,none
noise_ch6_50%.wav,1,1,none
noise_ch6_75%.wav,1,1,none
noise_ch6_100%.wav,1,1,none
noise_ch7_25%.wav,1,1,none
noise_ch7_50%.wav,1,1,none
noise_ch7_75%.wav,1,1,none
noise_ch7_100%.wav,1,1,none
noise_ch8_25%.wav,1,1,none
noise_ch8_50%.wav,1,1,none
noise_ch8_75%.wav,1,1,none
noise_ch8_100%.wav,1,1,none
mixed1_ch2_25%_10ratio.wav,5,0,alarm
mixed1_ch2_50%_10ratio.wav,5,0,alarm
mixed1_ch2_75%_10ratio.wav,5,0,alarm
mixed1_ch2_100%_10ratio.wav,5,0,alarm
mixed1_ch2_25%_20ratio.wav,5,0,alarm
mixed1_ch2_50%_20ratio.wav,5,0,alarm
mixed1_ch2_75%_20ratio.wav,5,0,alarm
mixed1_ch2_100%_20ratio.wav,5,0,alarm
mixed1_ch3_25%_-20ratio.wav,5,0,alarm
mixed1_ch3_50%_-20ratio.wav,5,0,alarm
mixed1_ch3_75%_-20ratio.wav,5,0,alarm
mixed1_ch3_100%_-20ratio.wav,5,0,alarm
mixed1_ch3_25%_-10ratio.wav,5,0,alarm
mixed1_ch3_50%_-10ratio.wav,5,0,alarm
mixed1_ch3_75%_-10ratio.wav,5,0,alarm
mixed1_ch3_100%_-10ratio.wav,5,0,alarm
noise_ch9_25%.wav,1,1,none
noise_ch9_50%.wav,1,1,none
noise_ch9_75%.wav,1,1,none
noise_ch9_100%.wav,1,1,none
noise_ch10_25%.wav,1,1,none
noise_ch10_50%.wav,1,1,none
noise_ch10_75%.wav,1,1,none
noise_ch10_100%.wav,1,1,none
noise_ch11_25%.wav,1,1,none
noise_ch11_50%.wav,1,1,none
noise_ch11_75%.wav,1,1,none
noise_ch11_100%.wav,1,1,none
noise_ch12_25%.wav,1,1,none
noise_ch12_50%.wav,1,1,none
noise_ch12_75%.wav,1,1,none
noise_ch12_100%.wav,1,1,none
mixed1_ch3_25%_0ratio.wav,5,0,alarm
mixed1_ch3_50%_0ratio.wav,5,0,alarm
mixed1_ch3_75%_0ratio.wav,5,0,alarm
mixed1_ch3_100%_0ratio.wav,5,0,alarm
mixed1_ch3_25%_10ratio.wav,5,0,alarm
mixed1_ch3_50%_10ratio.wav,5,0,alarm
mixed1_ch3_75%_10ratio.wav,5,0,alarm
mixed1_ch3_100%_10ratio.wav,5,0,alarm
mixed1_ch3_25%_20ratio.wav,5,0,alarm
mixed1_ch3_50%_20ratio.wav,5,0,alarm
mixed1_ch3_75%_20ratio.wav,5,0,alarm
mixed1_ch3_100%_20ratio.wav,5,0,alarm
mixed1_ch4_25%_-20ratio.wav,5,0,alarm
mixed1_ch4_50%_-20ratio.wav,5,0,alarm
mixed1_ch4_75%_-20ratio.wav,5,0,alarm
mixed1_ch4_100%_-20ratio.wav,5,0,alarm
noise_ch13_25%.wav,1,1,none
noise_ch13_50%.wav,1,1,none
noise_ch13_75%.wav,1,1,none
noise_ch13_100%.wav,1,1,none
noise_ch14_25%.wav,1,1,none
noise_ch14_50%.wav,1,1,none
noise_ch14_75%.wav,1,1,none
noise_ch14_100%.wav,1,1,none
noise_ch15_25%.wav,1,1,none
noise_ch15_50%.wav,1,1,none
noise_ch15_75%.wav,1,1,none
noise_ch15_100%.wav,1,1,none
noise_ch16_25%.wav,1,1,none
noise_ch16_50%.wav,1,1,none
noise_ch16_75%.wav,1,1,none
noise_ch16_100%.wav,1,1,none
mixed1_ch4_25%_-10ratio.wav,5,0,alarm
mixed1_ch4_50%_-10ratio.wav,5,0,alarm
mixed1_ch4_75%_-10ratio.wav,5,0,alarm
mixed1_ch4_100%_-10ratio.wav,5,0,alarm
mixed1_ch4_25%_0ratio.wav,5,0,alarm
mixed1_ch4_50%_0ratio.wav,5,0,alarm
mixed1_ch4_75%_0ratio.wav,5,0,alarm
mixed1_ch4_100%_0ratio.wav,5,0,alarm
mixed1_ch4_25%_10ratio.wav,5,0,alarm
mixed1_ch4_50%_10ratio.wav,5,0,alarm
mixed1_ch4_75%_10ratio.wav,5,0,alarm
mixed1_ch4_100%_10ratio.wav,5,0,alarm
mixed1_ch4_25%_20ratio.wav,5,0,alarm
mixed1_ch4_50%_20ratio.wav,5,0,alarm
mixed1_ch4_75%_20ratio.wav,5,0,alarm
mixed1_ch4_100%_20ratio.wav,5,0,alarm
noise_ch17_25%.wav,1,1,none
noise_ch17_50%.wav,1,1,none
noise_ch17_75%.wav,1,1,none
noise_ch17_100%.wav,1,1,none
noise_ch18_25%.wav,1,1,none
noise_ch18_50%.wav,1,1,none
noise_ch18_75%.wav,1,1,none
noise_ch18_100%.wav,1,1,none
noise_ch19_25%.wav,1,1,none
noise_ch19_50%.wav,1,1,none
noise_ch19_75%.wav,1,1,none
noise_ch19_100%.wav,1,1,none
noise_ch20_25%.wav,1,1,none
noise_ch20_50%.wav,1,1,none
noise_ch20_75%.wav,1,1,none
noise_ch20_100%.wav,1,1,none
mixed1_ch5_25%_-20ratio.wav,5,0,alarm
mixed1_ch5_50%_-20ratio.wav,5,0,alarm
mixed1_ch5_75%_-20ratio.wav,5,0,alarm
mixed1_ch5_100%_-20ratio.wav,5,0,alarm
mixed1_ch5_25%_-10ratio.wav,5,0,alarm
mixed1_ch5_50%_-10ratio.wav,5,0,alarm
mixed1_ch5_75%_-10ratio.wav,5,0,alarm
mixed1_ch5_100%_-10ratio.wav,5,0,alarm
mixed1_ch5_25%_0ratio.wav,5,0,alarm
mixed1_ch5_50%_0ratio.wav,5,0,alarm
mixed1_ch5_75%_0ratio.wav,5,0,alarm
mixed1_ch5_100%_0ratio.wav,5,0,alarm
mixed1_ch5_25%_10ratio.wav,5,0,alarm
mixed1_ch5_50%_10ratio.wav,5,0,alarm
mixed1_ch5_75%_10ratio.wav,5,0,alarm
mixed1_ch5_100%_10ratio.wav,5,0,alarm
noise_ch21_25%.wav,1,1,none
noise_ch21_50%.wav,1,1,none
noise_ch21_75%.wav,1,1,none
noise_ch21_100%.wav,1,1,none
noise_ch22_25%.wav,1,1,none
noise_ch22_50%.wav,1,1,none
noise_ch22_75%.wav,1,1,none
noise_ch22_100%.wav,1,1,none
noise_ch23_25%.wav,1,1,none
noise_ch23_50%.wav,1,1,none
noise_ch23_75%.wav,1,1,none
noise_ch23_100%.wav,1,1,none
noise_ch24_25%.wav,1,1,none
noise_ch24_50%.wav,1,1,none
noise_ch24_75%.wav,1,1,none
noise_ch24_100%.wav,1,1,none
mixed1_ch5_25%_20ratio.wav,5,0,alarm
mixed1_ch5_50%_20ratio.wav,5,0,alarm
mixed1_ch5_75%_20ratio.wav,5,0,alarm
mixed1_ch5_100%_20ratio.wav,5,0,alarm
mixed1_ch6_25%_-20ratio.wav,5,0,alarm
mixed1_ch6_50%_-20ratio.wav,5,0,alarm
mixed1_ch6_75%_-20ratio.wav,5,0,alarm
mixed1_ch6_100%_-20ratio.wav,5,0,alarm
mixed1_ch6_25%_-10ratio.wav,5,0,alarm
mixed1_ch6_50%_-10ratio.wav,5,0,alarm
mixed1_ch6_75%_-10ratio.wav,5,0,alarm
mixed1_ch6_100%_-10ratio.wav,5,0,alarm
mixed1_ch6_25%_0ratio.wav,5,0,alarm
mixed1_ch6_50%_0ratio.wav,5,0,alarm
mixed1_ch6_75%_0ratio.wav,5,0,alarm
mixed1_ch6_100%_0ratio.wav,5,0,alarm
noise_ch25_25%.wav,1,1,none
noise_ch25_50%.wav,1,1,none
noise_ch25_75%.wav,1,1,none
noise_ch25_100%.wav,1,1,none
noise_ch26_25%.wav,1,1,none
noise_ch26_50%.wav,1,1,none
noise_ch26_75%.wav,1,1,none
noise_ch26_100%.wav,1,1,none
noise_ch27_25%.wav,1,1,none
noise_ch27_50%.wav,1,1,none
noise_ch27_75%.wav,1,1,none
noise_ch27_100%.wav,1,1,none
noise_ch28_25%.wav,1,1,none
noise_ch28_50%.wav,1,1,none
noise_ch28_75%.wav,1,1,none
noise_ch28_100%.wav,1,1,none
mixed1_ch6_25%_10ratio.wav,5,0,alarm
mixed1_ch6_50%_10ratio.wav,5,0,alarm
mixed1_ch6_75%_10ratio.wav,5,0,alarm
mixed1_ch6_100%_10ratio.wav,5,0,alarm
mixed1_ch6_25%_20ratio.wav,5,0,alarm
mixed1_ch6_50%_20ratio.wav,5,0,alarm
mixed1_ch6_75%_20ratio.wav,5,0,alarm
mixed1_ch6_100%_20ratio.wav,5,0,alarm
mixed1_ch7_25%_-20ratio.wav,5,0,alarm
mixed1_ch7_50%_-20ratio.wav,5,0,alarm
mixed1_ch7_75%_-20ratio.wav,5,0,alarm
mixed1_ch7_100%_-20ratio.wav,5,0,alarm
mixed1_ch7_25%_-10ratio.wav,5,0,alarm
mixed1_ch7_50%_-10ratio.wav,5,0,alarm
mixed1_ch7_75%_-10ratio.wav,5,0,alarm
mixed1_ch7_100%_-10ratio.wav,5,0,alarm
noise_ch29_25%.wav,1,1,none
noise_ch29_50%.wav,1,1,none
noise_ch29_75%.wav,1,1,none
noise_ch29_100%.wav,1,1,none
noise_ch30_25%.wav,1,1,none
noise_ch30_50%.wav,1,1,none
noise_ch30_75%.wav,1,1,none
noise_ch30_100%.wav,1,1,none
noise_ch31_25%.wav,1,1,none
noise_ch31_50%.wav,1,1,none
noise_ch31_75%.wav,1,1,none
noise_ch31_100%.wav,1,1,none
noise_ch32_25%.wav,1,1,none
noise_ch32_50%.wav,1,1,none
noise_ch32_75%.wav,1,1,none
noise_ch32_100%.wav,1,1,none
mixed1_ch7_25%_0ratio.wav,5,0,alarm
mixed1_ch7_50%_0ratio.wav,5,0,alarm
mixed1_ch7_75%_0ratio.wav,5,0,alarm
mixed1_ch7_100%_0ratio.wav,5,0,alarm
mixed1_ch7_25%_10ratio.wav,5,0,alarm
mixed1_ch7_50%_10ratio.wav,5,0,alarm
mixed1_ch7_75%_10ratio.wav,5,0,alarm
mixed1_ch7_100%_10ratio.wav,5,0,alarm
mixed1_ch7_25%_20ratio.wav,5,0,alarm
mixed1_ch7_50%_20ratio.wav,5,0,alarm
mixed1_ch7_75%_20ratio.wav,5,0,alarm
mixed1_ch7_100%_20ratio.wav,5,0,alarm
mixed1_ch8_25%_-20ratio.wav,5,0,alarm
mixed1_ch8_50%_-20ratio.wav,5,0,alarm
mixed1_ch8_75%_-20ratio.wav,5,0,alarm
mixed1_ch8_100%_-20ratio.wav,5,0,alarm
noise_ch33_25%.wav,1,1,none
noise_ch33_50%.wav,1,1,none
noise_ch33_75%.wav,1,1,none
noise_ch33_100%.wav,1,1,none
noise_ch34_25%.wav,1,1,none
noise_ch34_50%.wav,1,1,none
noise_ch34_75%.wav,1,1,none
noise_ch34_100%.wav,1,1,none
noise_ch35_25%.wav,1,1,none
noise_ch35_50%.wav,1,1,none
noise_ch35_75%.wav,1,1,none
noise_ch35_100%.wav,1,1,none
noise_ch36_25%.wav,1,1,none
noise_ch36_50%.wav,1,1,none
noise_ch36_75%.wav,1,1,none
noise_ch36_100%.wav,1,1,none
mixed1_ch8_25%_-10ratio.wav,5,0,alarm
mixed1_ch8_50%_-10ratio.wav,5,0,alarm
mixed1_ch8_75%_-10ratio.wav,5,0,alarm
mixed1_ch8_100%_-10ratio.wav,5,0,alarm
mixed1_ch8_25%_0ratio.wav,5,0,alarm
mixed1_ch8_50%_0ratio.wav,5,0,alarm
mixed1_ch8_75%_0ratio.wav,5,0,alarm
mixed1_ch8_100%_0ratio.wav,5,0,alarm
mixed1_ch8_25%_10ratio.wav,5,0,alarm
mixed1_ch8_50%_10ratio.wav,5,0,alarm
mixed1_ch8_75%_10ratio.wav,5,0,alarm
mixed1_ch8_100%_10ratio.wav,5,0,alarm
mixed1_ch8_25%_20ratio.wav,5,0,alarm
mixed1_ch8_50%_20ratio.wav,5,0,alarm
mixed1_ch8_75%_20ratio.wav,5,0,alarm
mixed1_ch8_100%_20ratio.wav,5,0,alarm
noise_ch37_25%.wav,1,1,none
noise_ch37_50%.wav,1,1,none
noise_ch37_75%.wav,1,1,none
noise_ch37_100%.wav,1,1,none
noise_ch38_25%.wav,1,1,none
noise_ch38_50%.wav,1,1,none
noise_ch38_75%.wav,1,1,none
noise_ch38_100%.wav,1,1,none
noise_ch39_25%.wav,1,1,none
noise_ch39_50%.wav,1,1,none
noise_ch39_75%.wav,1,1,none
noise_ch39_100%.wav,1,1,none
noise_ch40_25%.wav,1,1,none
noise_ch40_50%.wav,1,1,none
noise_ch40_75%.wav,1,1,none
noise_ch40_100%.wav,1,1,none
mixed1_ch9_25%_-20ratio.wav,5,0,alarm
mixed1_ch9_50%_-20ratio.wav,5,0,alarm
mixed1_ch9_75%_-20ratio.wav,5,0,alarm
mixed1_ch9_100%_-20ratio.wav,5,0,alarm
mixed1_ch9_25%_-10ratio.wav,5,0,alarm
mixed1_ch9_50%_-10ratio.wav,5,0,alarm
mixed1_ch9_75%_-10ratio.wav,5,0,alarm
mixed1_ch9_100%_-10ratio.wav,5,0,alarm
mixed1_ch9_25%_0ratio.wav,5,0,alarm
mixed1_ch9_50%_0ratio.wav,5,0,alarm
mixed1_ch9_75%_0ratio.wav,5,0,alarm
mixed1_ch9_100%_0ratio.wav,5,0,alarm
mixed1_ch9_25%_10ratio.wav,5,0,alarm
mixed1_ch9_50%_10ratio.wav,5,0,alarm
mixed1_ch9_75%_10ratio.wav,5,0,alarm
mixed1_ch9_100%_10ratio.wav,5,0,alarm
noise_ch41_25%.wav,1,1,none
noise_ch41_50%.wav,1,1,none
noise_ch41_75%.wav,1,1,none
noise_ch41_100%.wav,1,1,none
noise_ch42_25%.wav,1,1,none
noise_ch42_50%.wav,1,1,none
noise_ch42_75%.wav,1,1,none
noise_ch42_100%.wav,1,1,none
noise_ch43_25%.wav,1,1,none
noise_ch43_50%.wav,1,1,none
noise_ch43_75%.wav,1,1,none
noise_ch43_100%.wav,1,1,none
noise_ch44_25%.wav,1,1,none
noise_ch44_50%.wav,1,1,none
noise_ch44_75%.wav,1,1,none
noise_ch44_100%.wav,1,1,none
mixed1_ch9_25%_20ratio.wav,5,0,alarm
mixed1_ch9_50%_20ratio.wav,5,0,alarm
mixed1_ch9_75%_20ratio.wav,5,0,alarm
mixed1_ch9_100%_20ratio.wav,5,0,alarm
mixed1_ch10_25%_-20ratio.wav,5,0,alarm
mixed1_ch10_50%_-20ratio.wav,5,0,alarm
mixed1_ch10_75%_-20ratio.wav,5,0,alarm
mixed1_ch10_100%_-20ratio.wav,5,0,alarm
mixed1_ch10_25%_-10ratio.wav,5,0,alarm
mixed1_ch10_50%_-10ratio.wav,5,0,alarm
mixed1_ch10_75%_-10ratio.wav,5,0,alarm
mixed1_ch10_100%_-10ratio.wav,5,0,alarm
mixed1_ch10_25%_0ratio.wav,5,0,alarm
mixed1_ch10_50%_0ratio.wav,5,0,alarm
mixed1_ch10_75%_0ratio.wav,5,0,alarm
mixed1_ch10_100%_0ratio.wav,5,0,alarm
noise_ch45_25%.wav,1,1,none
noise_ch45_50%.wav,1,1,none
noise_ch45_75%.wav,1,1,none
noise_ch45_100%.wav,1,1,none
noise_ch46_25%.wav,1,1,none
noise_ch46_50%.wav,1,1,none
noise_ch46_75%.wav,1,1,none
noise_ch46_100%.wav,1,1,none
noise_ch47_25%.wav,1,1,none
noise_ch47_50%.wav,1,1,none
noise_ch47_75%.wav,1,1,none
noise_ch47_100%.wav,1,1,none
noise_ch48_25%.wav,1,1,none
noise_ch48_50%.wav,1,1,none
noise_ch48_75%.wav,1,1,none
noise_ch48_100%.wav,1,1,none
mixed1_ch10_25%_10ratio.wav,5,0,alarm
mixed1_ch10_50%_10ratio.wav,5,0,alarm
mixed1_ch10_75%_10ratio.wav,5,0,alarm
mixed1_ch10_100%_10ratio.wav,5,0,alarm
mixed1_ch10_25%_20ratio.wav,5,0,alarm
mixed1_ch10_50%_20ratio.wav,5,0,alarm
mixed1_ch10_75%_20ratio.wav,5,0,alarm
mixed1_ch10_100%_20ratio.wav,5,0,alarm
mixed1_ch11_25%_-20ratio.wav,5,0,alarm
mixed1_ch11_50%_-20ratio.wav,5,0,alarm
mixed1_ch11_75%_-20ratio.wav,5,0,alarm
mixed1_ch11_100%_-20ratio.wav,5,0,alarm
mixed1_ch11_25%_-10ratio.wav,5,0,alarm
mixed1_ch11_50%_-10ratio.wav,5,0,alarm
mixed1_ch11_75%_-10ratio.wav,5,0,alarm
mixed1_ch11_100%_-10ratio.wav,5,0,alarm
noise_ch49_25%.wav,1,1,none
noise_ch49_50%.wav,1,1,none
noise_ch49_75%.wav,1,1,none
noise_ch49_100%.wav,1,1,none
noise_ch50_25%.wav,1,1,none
noise_ch50_50%.wav,1,1,none
noise_ch50_75%.wav,1,1,none
noise_ch50_100%.wav,1,1,none
noise_ch51_25%.wav,1,1,none
noise_ch51_50%.wav,1,1,none
noise_ch51_75%.wav,1,1,none
noise_ch51_100%.wav,1,1,none
noise_ch52_25%.wav,1,1,none
noise_ch52_50%.wav,1,1,none
noise_ch52_75%.wav,1,1,none
noise_ch52_100%.wav,1,1,none
mixed1_ch11_25%_0ratio.wav,5,0,alarm
mixed1_ch11_50%_0ratio.wav,5,0,alarm
mixed1_ch11_75%_0ratio.wav,5,0,alarm
mixed1_ch11_100%_0ratio.wav,5,0,alarm
mixed1_ch11_25%_10ratio.wav,5,0,alarm
mixed1_ch11_50%_10ratio.wav,5,0,alarm
mixed1_ch11_75%_10ratio.wav,5,0,alarm
mixed1_ch11_100%_10ratio.wav,5,0,alarm
mixed1_ch11_25%_20ratio.wav,5,0,alarm
mixed1_ch11_50%_20ratio.wav,5,0,alarm
mixed1_ch11_75%_20ratio.wav,5,0,alarm
mixed1_ch11_100%_20ratio.wav,5,0,alarm
mixed1_ch12_25%_-20ratio.wav,5,0,alarm
mixed1_ch12_50%_-20ratio.wav,5,0,alarm
mixed1_ch12_75%_-20ratio.wav,5,0,alarm
mixed1_ch12_100%_-20ratio.wav,5,0,alarm
noise_ch53_25%.wav,1,1,none
noise_ch53_50%.wav,1,1,none
noise_ch53_75%.wav,1,1,none
noise_ch53_100%.wav,1,1,none
noise_ch54_25%.wav,1,1,none
noise_ch54_50%.wav,1,1,none
noise_ch54_75%.wav,1,1,none
noise_ch54_100%.wav,1,1,none
noise_ch55_25%.wav,1,1,none
noise_ch55_50%.wav,1,1,none
noise_ch55_75%.wav,1,1,none
noise_ch55_100%.wav,1,1,none
noise_ch56_25%.wav,1,1,none
noise_ch56_50%.wav,1,1,none
noise_ch56_75%.wav,1,1,none
noise_ch56_100%.wav,1,1,none
mixed1_ch12_25%_-10ratio.wav,5,0,alarm
mixed1_ch12_50%_-10ratio.wav,5,0,alarm
mixed1_ch12_75%_-10ratio.wav,5,0,alarm
mixed1_ch12_100%_-10ratio.wav,5,0,alarm
mixed1_ch12_25%_0ratio.wav,5,0,alarm
mixed1_ch12_50%_0ratio.wav,5,0,alarm
mixed1_ch12_75%_0ratio.wav,5,0,alarm
mixed1_ch12_100%_0ratio.wav,5,0,alarm
mixed1_ch12_25%_10ratio.wav,5,0,alarm
mixed1_ch12_50%_10ratio.wav,5,0,alarm
mixed1_ch12_75%_10ratio.wav,5,0,alarm
mixed1_ch12_100%_10ratio.wav,5,0,alarm
mixed1_ch12_25%_20ratio.wav,5,0,alarm
mixed1_ch12_50%_20ratio.wav,5,0,alarm
mixed1_ch12_75%_20ratio.wav,5,0,alarm
mixed1_ch12_100%_20ratio.wav,5,0,alarm
noise_ch57_25%.wav,1,1,none
noise_ch57_50%.wav,1,1,none
noise_ch57_75%.wav,1,1,none
noise_ch57_100%.wav,1,1,none
noise_ch58_25%.wav,1,1,none
noise_ch58_50%.wav,1,1,none
noise_ch58_75%.wav,1,1,none
noise_ch58_100%.wav,1,1,none
noise_ch59_25%.wav,1,1,none
noise_ch59_50%.wav,1,1,none
noise_ch59_75%.wav,1,1,none
noise_ch59_100%.wav,1,1,none
noise_ch60_25%.wav,1,1,none
noise_ch60_50%.wav,1,1,none
noise_ch60_75%.wav,1,1,none
noise_ch60_100%.wav,1,1,none
mixed1_ch13_25%_-20ratio.wav,5,0,alarm
mixed1_ch13_50%_-20ratio.wav,5,0,alarm
mixed1_ch13_75%_-20ratio.wav,5,0,alarm
mixed1_ch13_100%_-20ratio.wav,5,0,alarm
mixed1_ch13_25%_-10ratio.wav,5,0,alarm
mixed1_ch13_50%_-10ratio.wav,5,0,alarm
mixed1_ch13_75%_-10ratio.wav,5,0,alarm
mixed1_ch13_100%_-10ratio.wav,5,0,alarm
mixed1_ch13_25%_0ratio.wav,5,0,alarm
mixed1_ch13_50%_0ratio.wav,5,0,alarm
mixed1_ch13_75%_0ratio.wav,5,0,alarm
mixed1_ch13_100%_0ratio.wav,5,0,alarm
mixed1_ch13_25%_10ratio.wav,5,0,alarm
mixed1_ch13_50%_10ratio.wav,5,0,alarm
mixed1_ch13_75%_10ratio.wav,5,0,alarm
mixed1_ch13_100%_10ratio.wav,5,0,alarm
noise_ch61_25%.wav,1,1,none
noise_ch61_50%.wav,1,1,none
noise_ch61_75%.wav,1,1,none
noise_ch61_100%.wav,1,1,none
noise_ch62_25%.wav,1,1,none
noise_ch62_50%.wav,1,1,none
noise_ch62_75%.wav,1,1,none
noise_ch62_100%.wav,1,1,none
noise_ch63_25%.wav,1,1,none
noise_ch63_50%.wav,1,1,none
noise_ch63_75%.wav,1,1,none
noise_ch63_100%.wav,1,1,none
noise_ch64_25%.wav,1,1,none
noise_ch64_50%.wav,1,1,none
noise_ch64_75%.wav,1,1,none
noise_ch64_100%.wav,1,1,none
mixed1_ch13_25%_20ratio.wav,5,0,alarm
mixed1_ch13_50%_20ratio.wav,5,0,alarm
mixed1_ch13_75%_20ratio.wav,5,0,alarm
mixed1_ch13_100%_20ratio.wav,5,0,alarm
mixed1_ch14_25%_-20ratio.wav,5,0,alarm
mixed1_ch14_50%_-20ratio.wav,5,0,alarm
mixed1_ch14_75%_-20ratio.wav,5,0,alarm
mixed1_ch14_100%_-20ratio.wav,5,0,alarm
mixed1_ch14_25%_-10ratio.wav,5,0,alarm
mixed1_ch14_50%_-10ratio.wav,5,0,alarm
mixed1_ch14_75%_-10ratio.wav,5,0,alarm
mixed1_ch14_100%_-10ratio.wav,5,0,alarm
mixed1_ch14_25%_0ratio.wav,5,0,alarm
mixed1_ch14_50%_0ratio.wav,5,0,alarm
mixed1_ch14_75%_0ratio.wav,5,0,alarm
mixed1_ch14_100%_0ratio.wav,5,0,alarm
noise_ch65_25%.wav,1,1,none
noise_ch65_50%.wav,1,1,none
noise_ch65_75%.wav,1,1,none
noise_ch65_100%.wav,1,1,none
noise_ch66_25%.wav,1,1,none
noise_ch66_50%.wav,1,1,none
noise_ch66_75%.wav,1,1,none
noise_ch66_100%.wav,1,1,none
noise_ch67_25%.wav,1,1,none
noise_ch67_50%.wav,1,1,none
noise_ch67_75%.wav,1,1,none
noise_ch67_100%.wav,1,1,none
noise_ch68_25%.wav,1,1,none
noise_ch68_50%.wav,1,1,none
noise_ch68_75%.wav,1,1,none
noise_ch68_100%.wav,1,1,none
mixed1_ch14_25%_10ratio.wav,5,0,alarm
mixed1_ch14_50%_10ratio.wav,5,0,alarm
mixed1_ch14_75%_10ratio.wav,5,0,alarm
mixed1_ch14_100%_10ratio.wav,5,0,alarm
mixed1_ch14_25%_20ratio.wav,5,0,alarm
mixed1_ch14_50%_20ratio.wav,5,0,alarm
mixed1_ch14_75%_20ratio.wav,5,0,alarm
mixed1_ch14_100%_20ratio.wav,5,0,alarm
mixed1_ch15_25%_-20ratio.wav,5,0,alarm
mixed1_ch15_50%_-20ratio.wav,5,0,alarm
mixed1_ch15_75%_-20ratio.wav,5,0,alarm
mixed1_ch15_100%_-20ratio.wav,5,0,alarm
mixed1_ch15_25%_-10ratio.wav,5,0,alarm
mixed1_ch15_50%_-10ratio.wav,5,0,alarm
mixed1_ch15_75%_-10ratio.wav,5,0,alarm
mixed1_ch15_100%_-10ratio.wav,5,0,alarm
noise_ch69_25%.wav,1,1,none
noise_ch69_50%.wav,1,1,none
noise_ch69_75%.wav,1,1,none
noise_ch69_100%.wav,1,1,none
noise_ch70_25%.wav,1,1,none
noise_ch70_50%.wav,1,1,none
noise_ch70_75%.wav,1,1,none
noise_ch70_100%.wav,1,1,none
noise_ch71_25%.wav,1,1,none
noise_ch71_50%.wav,1,1,none
noise_ch71_75%.wav,1,1,none
noise_ch71_100%.wav,1,1,none
noise_ch72_25%.wav,1,1,none
noise_ch72_50%.wav,1,1,none
noise_ch72_75%.wav,1,1,none
noise_ch72_100%.wav,1,1,none
mixed1_ch15_25%_0ratio.wav,5,0,alarm
mixed1_ch15_50%_0ratio.wav,5,0,alarm
mixed1_ch15_75%_0ratio.wav,5,0,alarm
mixed1_ch15_100%_0ratio.wav,5,0,alarm
mixed1_ch15_25%_10ratio.wav,5,0,alarm
mixed1_ch15_50%_10ratio.wav,5,0,alarm
mixed1_ch15_75%_10ratio.wav,5,0,alarm
mixed1_ch15_100%_10ratio.wav,5,0,alarm
mixed1_ch15_25%_20ratio.wav,5,0,alarm
mixed1_ch15_50%_20ratio.wav,5,0,alarm
mixed1_ch15_75%_20ratio.wav,5,0,alarm
mixed1_ch15_100%_20ratio.wav,5,0,alarm
mixed1_ch16_25%_-20ratio.wav,5,0,alarm
mixed1_ch16_50%_-20ratio.wav,5,0,alarm
mixed1_ch16_75%_-20ratio.wav,5,0,alarm
mixed1_ch16_100%_-20ratio.wav,5,0,alarm
noise_ch73_25%.wav,1,1,none
noise_ch73_50%.wav,1,1,none
noise_ch73_75%.wav,1,1,none
noise_ch73_100%.wav,1,1,none
noise_ch74_25%.wav,1,1,none
noise_ch74_50%.wav,1,1,none
noise_ch74_75%.wav,1,1,none
noise_ch74_100%.wav,1,1,none
noise_ch75_25%.wav,1,1,none
noise_ch75_50%.wav,1,1,none
noise_ch75_75%.wav,1,1,none
noise_ch75_100%.wav,1,1,none
noise_ch76_25%.wav,1,1,none
noise_ch76_50%.wav,1,1,none
noise_ch76_75%.wav,1,1,none
noise_ch76_100%.wav,1,1,none
mixed1_ch16_25%_-10ratio.wav,5,0,alarm
mixed1_ch16_50%_-10ratio.wav,5,0,alarm
mixed1_ch16_75%_-10ratio.wav,5,0,alarm
mixed1_ch16_100%_-10ratio.wav,5,0,alarm
mixed1_ch16_25%_0ratio.wav,5,0,alarm
mixed1_ch16_50%_0ratio.wav,5,0,alarm
mixed1_ch16_75%_0ratio.wav,5,0,alarm
mixed1_ch16_100%_0ratio.wav,5,0,alarm
mixed1_ch16_25%_10ratio.wav,5,0,alarm
mixed1_ch16_50%_10ratio.wav,5,0,alarm
mixed1_ch16_75%_10ratio.wav,5,0,alarm
mixed1_ch16_100%_10ratio.wav,5,0,alarm
mixed1_ch16_25%_20ratio.wav,5,0,alarm
mixed1_ch16_50%_20ratio.wav,5,0,alarm
mixed1_ch16_75%_20ratio.wav,5,0,alarm
mixed1_ch16_100%_20ratio.wav,5,0,alarm
noise_ch77_25%.wav,1,1,none
noise_ch77_50%.wav,1,1,none
noise_ch77_75%.wav,1,1,none
noise_ch77_100%.wav,1,1,none
noise_ch78_25%.wav,1,1,none
noise_ch78_50%.wav,1,1,none
noise_ch78_75%.wav,1,1,none
noise_ch78_100%.wav,1,1,none
noise_ch79_25%.wav,1,1,none
noise_ch79_50%.wav,1,1,none
noise_ch79_75%.wav,1,1,none
noise_ch79_100%.wav,1,1,none
noise_ch80_25%.wav,1,1,none
noise_ch80_50%.wav,1,1,none
noise_ch80_75%.wav,1,1,none
noise_ch80_100%.wav,1,1,none
mixed1_ch17_25%_-20ratio.wav,5,0,alarm
mixed1_ch17_50%_-20ratio.wav,5,0,alarm
mixed1_ch17_75%_-20ratio.wav,5,0,alarm
mixed1_ch17_100%_-20ratio.wav,5,0,alarm
mixed1_ch17_25%_-10ratio.wav,5,0,alarm
mixed1_ch17_50%_-10ratio.wav,5,0,alarm
mixed1_ch17_75%_-10ratio.wav,5,0,alarm
mixed1_ch17_100%_-10ratio.wav,5,0,alarm
mixed1_ch17_25%_0ratio.wav,5,0,alarm
mixed1_ch17_50%_0ratio.wav,5,0,alarm
mixed1_ch17_75%_0ratio.wav,5,0,alarm
mixed1_ch17_100%_0ratio.wav,5,0,alarm
mixed1_ch17_25%_10ratio.wav,5,0,alarm
mixed1_ch17_50%_10ratio.wav,5,0,alarm
mixed1_ch17_75%_10ratio.wav,5,0,alarm
mixed1_ch17_100%_10ratio.wav,5,0,alarm
noise_ch81_25%.wav,1,1,none
noise_ch81_50%.wav,1,1,none
noise_ch81_75%.wav,1,1,none
noise_ch81_100%.wav,1,1,none
noise_ch82_25%.wav,1,1,none
noise_ch82_50%.wav,1,1,none
noise_ch82_75%.wav,1,1,none
noise_ch82_100%.wav,1,1,none
noise_ch83_25%.wav,1,1,none
noise_ch83_50%.wav,1,1,none
noise_ch83_75%.wav,1,1,none
noise_ch83_100%.wav,1,1,none
noise_ch84_25%.wav,1,1,none
noise_ch84_50%.wav,1,1,none
noise_ch84_75%.wav,1,1,none
noise_ch84_100%.wav,1,1,none
mixed1_ch17_25%_20ratio.wav,5,0,alarm
mixed1_ch17_50%_20ratio.wav,5,0,alarm
mixed1_ch17_75%_20ratio.wav,5,0,alarm
mixed1_ch17_100%_20ratio.wav,5,0,alarm
mixed1_ch18_25%_-20ratio.wav,5,0,alarm
mixed1_ch18_50%_-20ratio.wav,5,0,alarm
mixed1_ch18_75%_-20ratio.wav,5,0,alarm
mixed1_ch18_100%_-20ratio.wav,5,0,alarm
mixed1_ch18_25%_-10ratio.wav,5,0,alarm
mixed1_ch18_50%_-10ratio.wav,5,0,alarm
mixed1_ch18_75%_-10ratio.wav,5,0,alarm
mixed1_ch18_100%_-10ratio.wav,5,0,alarm
mixed1_ch18_25%_0ratio.wav,5,0,alarm
mixed1_ch18_50%_0ratio.wav,5,0,alarm
mixed1_ch18_75%_0ratio.wav,5,0,alarm
mixed1_ch18_100%_0ratio.wav,5,0,alarm
noise_ch85_25%.wav,1,1,none
noise_ch85_50%.wav,1,1,none
noise_ch85_75%.wav,1,1,none
noise_ch85_100%.wav,1,1,none
noise_ch86_25%.wav,1,1,none
noise_ch86_50%.wav,1,1,none
noise_ch86_75%.wav,1,1,none
noise_ch86_100%.wav,1,1,none
noise_ch87_25%.wav,1,1,none
noise_ch87_50%.wav,1,1,none
noise_ch87_75%.wav,1,1,none
noise_ch87_100%.wav,1,1,none
noise_ch88_25%.wav,1,1,none
noise_ch88_50%.wav,1,1,none
noise_ch88_75%.wav,1,1,none
noise_ch88_100%.wav,1,1,none
mixed1_ch18_25%_10ratio.wav,5,0,alarm
mixed1_ch18_50%_10ratio.wav,5,0,alarm
mixed1_ch18_75%_10ratio.wav,5,0,alarm
mixed1_ch18_100%_10ratio.wav,5,0,alarm
mixed1_ch18_25%_20ratio.wav,5,0,alarm
mixed1_ch18_50%_20ratio.wav,5,0,alarm
mixed1_ch18_75%_20ratio.wav,5,0,alarm
mixed1_ch18_100%_20ratio.wav,5,0,alarm
mixed1_ch19_25%_-20ratio.wav,5,0,alarm
mixed1_ch19_50%_-20ratio.wav,5,0,alarm
mixed1_ch19_75%_-20ratio.wav,5,0,alarm
mixed1_ch19_100%_-20ratio.wav,5,0,alarm
mixed1_ch19_25%_-10ratio.wav,5,0,alarm
mixed1_ch19_50%_-10ratio.wav,5,0,alarm
mixed1_ch19_75%_-10ratio.wav,5,0,alarm
mixed1_ch19_100%_-10ratio.wav,5,0,alarm
noise_ch89_25%.wav,1,1,none
noise_ch89_50%.wav,1,1,none
noise_ch89_75%.wav,1,1,none
noise_ch89_100%.wav,1,1,none
noise_ch90_25%.wav,1,1,none
noise_ch90_50%.wav,1,1,none
noise_ch90_75%.wav,1,1,none
noise_ch90_100%.wav,1,1,none
noise_ch91_25%.wav,1,1,none
noise_ch91_50%.wav,1,1,none
noise_ch91_75%.wav,1,1,none
noise_ch91_100%.wav,1,1,none
noise_ch92_25%.wav,1,1,none
noise_ch92_50%.wav,1,1,none
noise_ch92_75%.wav,1,1,none
noise_ch92_100%.wav,1,1,none
mixed1_ch19_25%_0ratio.wav,5,0,alarm
mixed1_ch19_50%_0ratio.wav,5,0,alarm
mixed1_ch19_75%_0ratio.wav,5,0,alarm
mixed1_ch19_100%_0ratio.wav,5,0,alarm
mixed1_ch19_25%_10ratio.wav,5,0,alarm
mixed1_ch19_50%_10ratio.wav,5,0,alarm
mixed1_ch19_75%_10ratio.wav,5,0,alarm
mixed1_ch19_100%_10ratio.wav,5,0,alarm
mixed1_ch19_25%_20ratio.wav,5,0,alarm
mixed1_ch19_50%_20ratio.wav,5,0,alarm
mixed1_ch19_75%_20ratio.wav,5,0,alarm
mixed1_ch19_100%_20ratio.wav,5,0,alarm
mixed1_ch20_25%_-20ratio.wav,5,0,alarm
mixed1_ch20_50%_-20ratio.wav,5,0,alarm
mixed1_ch20_75%_-20ratio.wav,5,0,alarm
mixed1_ch20_100%_-20ratio.wav,5,0,alarm
noise_ch93_25%.wav,1,1,none
noise_ch93_50%.wav,1,1,none
noise_ch93_75%.wav,1,1,none
noise_ch93_100%.wav,1,1,none
noise_ch94_25%.wav,1,1,none
noise_ch94_50%.wav,1,1,none
noise_ch94_75%.wav,1,1,none
noise_ch94_100%.wav,1,1,none
noise_ch95_25%.wav,1,1,none
noise_ch95_50%.wav,1,1,none
noise_ch95_75%.wav,1,1,none
noise_ch95_100%.wav,1,1,none
noise_ch96_25%.wav,1,1,none
noise_ch96_50%.wav,1,1,none
noise_ch96_75%.wav,1,1,none
noise_ch96_100%.wav,1,1,none
mixed1_ch20_25%_-10ratio.wav,5,0,alarm
mixed1_ch20_50%_-10ratio.wav,5,0,alarm
mixed1_ch20_75%_-10ratio.wav,5,0,alarm
mixed1_ch20_100%_-10ratio.wav,5,0,alarm
mixed1_ch20_25%_0ratio.wav,5,0,alarm
mixed1_ch20_50%_0ratio.wav,5,0,alarm
mixed1_ch20_75%_0ratio.wav,5,0,alarm
mixed1_ch20_100%_0ratio.wav,5,0,alarm
mixed1_ch20_25%_10ratio.wav,5,0,alarm
mixed1_ch20_50%_10ratio.wav,5,0,alarm
mixed1_ch20_75%_10ratio.wav,5,0,alarm
mixed1_ch20_100%_10ratio.wav,5,0,alarm
mixed1_ch20_25%_20ratio.wav,5,0,alarm
mixed1_ch20_50%_20ratio.wav,5,0,alarm
mixed1_ch20_75%_20ratio.wav,5,0,alarm
mixed1_ch20_100%_20ratio.wav,5,0,alarm
noise_ch97_25%.wav,1,1,none
noise_ch97_50%.wav,1,1,none
noise_ch97_75%.wav,1,1,none
noise_ch97_100%.wav,1,1,none
noise_ch98_25%.wav,1,1,none
noise_ch98_50%.wav,1,1,none
noise_ch98_75%.wav,1,1,none
noise_ch98_100%.wav,1,1,none
noise_ch99_25%.wav,1,1,none
noise_ch99_50%.wav,1,1,none
noise_ch99_75%.wav,1,1,none
noise_ch99_100%.wav,1,1,none
noise_ch100_25%.wav,1,1,none
noise_ch100_50%.wav,1,1,none
noise_ch100_75%.wav,1,1,none
noise_ch100_100%.wav,1,1,none
mixed1_ch21_25%_-20ratio.wav,5,0,alarm
mixed1_ch21_50%_-20ratio.wav,5,0,alarm
mixed1_ch21_75%_-20ratio.wav,5,0,alarm
mixed1_ch21_100%_-20ratio.wav,5,0,alarm
mixed1_ch21_25%_-10ratio.wav,5,0,alarm
mixed1_ch21_50%_-10ratio.wav,5,0,alarm
mixed1_ch21_75%_-10ratio.wav,5,0,alarm
mixed1_ch21_100%_-10ratio.wav,5,0,alarm
mixed1_ch21_25%_0ratio.wav,5,0,alarm
mixed1_ch21_50%_0ratio.wav,5,0,alarm
mixed1_ch21_75%_0ratio.wav,5,0,alarm
mixed1_ch21_100%_0ratio.wav,5,0,alarm
mixed1_ch21_25%_10ratio.wav,5,0,alarm
mixed1_ch21_50%_10ratio.wav,5,0,alarm
mixed1_ch21_75%_10ratio.wav,5,0,alarm
mixed1_ch21_100%_10ratio.wav,5,0,alarm
noise_ch101_25%.wav,1,1,none
noise_ch101_50%.wav,1,1,none
noise_ch101_75%.wav,1,1,none
noise_ch101_100%.wav,1,1,none
noise_ch102_25%.wav,1,1,none
noise_ch102_50%.wav,1,1,none
noise_ch102_75%.wav,1,1,none
noise_ch102_100%.wav,1,1,none
noise_ch103_25%.wav,1,1,none
noise_ch103_50%.wav,1,1,none
noise_ch103_75%.wav,1,1,none
noise_ch103_100%.wav,1,1,none
noise_ch104_25%.wav,1,1,none
noise_ch104_50%.wav,1,1,none
noise_ch104_75%.wav,1,1,none
noise_ch104_100%.wav,1,1,none
mixed1_ch21_25%_20ratio.wav,5,0,alarm
mixed1_ch21_50%_20ratio.wav,5,0,alarm
mixed1_ch21_75%_20ratio.wav,5,0,alarm
mixed1_ch21_100%_20ratio.wav,5,0,alarm
mixed1_ch22_25%_-20ratio.wav,5,0,alarm
mixed1_ch22_50%_-20ratio.wav,5,0,alarm
mixed1_ch22_75%_-20ratio.wav,5,0,alarm
mixed1_ch22_100%_-20ratio.wav,5,0,alarm
mixed1_ch22_25%_-10ratio.wav,5,0,alarm
mixed1_ch22_50%_-10ratio.wav,5,0,alarm
mixed1_ch22_75%_-10ratio.wav,5,0,alarm
mixed1_ch22_100%_-10ratio.wav,5,0,alarm
mixed1_ch22_25%_0ratio.wav,5,0,alarm
mixed1_ch22_50%_0ratio.wav,5,0,alarm
mixed1_ch22_75%_0ratio.wav,5,0,alarm
mixed1_ch22_100%_0ratio.wav,5,0,alarm
noise_ch105_25%.wav,1,1,none
noise_ch105_50%.wav,1,1,none
noise_ch105_75%.wav,1,1,none
noise_ch105_100%.wav,1,1,none
noise_ch106_25%.wav,1,1,none
noise_ch106_50%.wav,1,1,none
noise_ch106_75%.wav,1,1,none
noise_ch106_100%.wav,1,1,none
noise_ch107_25%.wav,1,1,none
noise_ch107_50%.wav,1,1,none
noise_ch107_75%.wav,1,1,none
noise_ch107_100%.wav,1,1,none
noise_ch108_25%.wav,1,1,none
noise_ch108_50%.wav,1,1,none
noise_ch108_75%.wav,1,1,none
noise_ch108_100%.wav,1,1,none
mixed1_ch22_25%_10ratio.wav,5,0,alarm
mixed1_ch22_50%_10ratio.wav,5,0,alarm
mixed1_ch22_75%_10ratio.wav,5,0,alarm
mixed1_ch22_100%_10ratio.wav,5,0,alarm
mixed1_ch22_25%_20ratio.wav,5,0,alarm
mixed1_ch22_50%_20ratio.wav,5,0,alarm
mixed1_ch22_75%_20ratio.wav,5,0,alarm
mixed1_ch22_100%_20ratio.wav,5,0,alarm
mixed1_ch23_25%_-20ratio.wav,5,0,alarm
mixed1_ch23_50%_-20ratio.wav,5,0,alarm
mixed1_ch23_75%_-20ratio.wav,5,0,alarm
mixed1_ch23_100%_-20ratio.wav,5,0,alarm
mixed1_ch23_25%_-10ratio.wav,5,0,alarm
mixed1_ch23_50%_-10ratio.wav,5,0,alarm
mixed1_ch23_75%_-10ratio.wav,5,0,alarm
mixed1_ch23_100%_-10ratio.wav,5,0,alarm
noise_ch109_25%.wav,1,1,none
noise_ch109_50%.wav,1,1,none
noise_ch109_75%.wav,1,1,none
noise_ch109_100%.wav,1,1,none
noise_ch110_25%.wav,1,1,none
noise_ch110_50%.wav,1,1,none
noise_ch110_75%.wav,1,1,none
noise_ch110_100%.wav,1,1,none
noise_ch111_25%.wav,1,1,none
noise_ch111_50%.wav,1,1,none
noise_ch111_75%.wav,1,1,none
noise_ch111_100%.wav,1,1,none
noise_ch112_25%.wav,1,1,none
noise_ch112_50%.wav,1,1,none
noise_ch112_75%.wav,1,1,none
noise_ch112_100%.wav,1,1,none
mixed1_ch23_25%_0ratio.wav,5,0,alarm
mixed1_ch23_50%_0ratio.wav,5,0,alarm
mixed1_ch23_75%_0ratio.wav,5,0,alarm
mixed1_ch23_100%_0ratio.wav,5,0,alarm
mixed1_ch23_25%_10ratio.wav,5,0,alarm
mixed1_ch23_50%_10ratio.wav,5,0,alarm
mixed1_ch23_75%_10ratio.wav,5,0,alarm
mixed1_ch23_100%_10ratio.wav,5,0,alarm
mixed1_ch23_25%_20ratio.wav,5,0,alarm
mixed1_ch23_50%_20ratio.wav,5,0,alarm
mixed1_ch23_75%_20ratio.wav,5,0,alarm
mixed1_ch23_100%_20ratio.wav,5,0,alarm
mixed2_ch1_25%_-20ratio.wav,5,0,alarm
mixed2_ch1_50%_-20ratio.wav,5,0,alarm
mixed2_ch1_75%_-20ratio.wav,5,0,alarm
mixed2_ch1_100%_-20ratio.wav,5,0,alarm
noise_ch113_25%.wav,1,1,none
noise_ch113_50%.wav,1,1,none
noise_ch113_75%.wav,1,1,none
noise_ch113_100%.wav,1,1,none
noise_ch114_25%.wav,1,1,none
noise_ch114_50%.wav,1,1,none
noise_ch114_75%.wav,1,1,none
noise_ch114_100%.wav,1,1,none
noise_ch115_25%.wav,1,1,none
noise_ch115_50%.wav,1,1,none
noise_ch115_75%.wav,1,1,none
noise_ch115_100%.wav,1,1,none
noise_ch116_25%.wav,1,1,none
noise_ch116_50%.wav,1,1,none
noise_ch116_75%.wav,1,1,none
noise_ch116_100%.wav,1,1,none
mixed2_ch1_25%_-10ratio.wav,5,0,alarm
mixed2_ch1_50%_-10ratio.wav,5,0,alarm
mixed2_ch1_75%_-10ratio.wav,5,0,alarm
mixed2_ch1_100%_-10ratio.wav,5,0,alarm
mixed2_ch1_25%_0ratio.wav,5,0,alarm
mixed2_ch1_50%_0ratio.wav,5,0,alarm
mixed2_ch1_75%_0ratio.wav,5,0,alarm
mixed2_ch1_100%_0ratio.wav,5,0,alarm
mixed2_ch1_25%_10ratio.wav,5,0,alarm
mixed2_ch1_50%_10ratio.wav,5,0,alarm
mixed2_ch1_75%_10ratio.wav,5,0,alarm
mixed2_ch1_100%_10ratio.wav,5,0,alarm
mixed2_ch1_25%_20ratio.wav,5,0,alarm
mixed2_ch1_50%_20ratio.wav,5,0,alarm
mixed2_ch1_75%_20ratio.wav,5,0,alarm
mixed2_ch1_100%_20ratio.wav,5,0,alarm
noise_ch117_25%.wav,1,1,none
noise_ch117_50%.wav,1,1,none
noise_ch117_75%.wav,1,1,none
noise_ch117_100%.wav,1,1,none
noise_ch118_25%.wav,1,1,none
noise_ch118_50%.wav,1,1,none
noise_ch118_75%.wav,1,1,none
noise_ch118_100%.wav,1,1,none
noise_ch119_25%.wav,1,1,none
noise_ch119_50%.wav,1,1,none
noise_ch119_75%.wav,1,1,none
noise_ch119_100%.wav,1,1,none
noise_ch120_25%.wav,1,1,none
noise_ch120_50%.wav,1,1,none
noise_ch120_75%.wav,1,1,none
noise_ch120_100%.wav,1,1,none
mixed2_ch2_25%_-20ratio.wav,5,0,alarm
mixed2_ch2_50%_-20ratio.wav,5,0,alarm
mixed2_ch2_75%_-20ratio.wav,5,0,alarm
mixed2_ch2_100%_-20ratio.wav,5,0,alarm
mixed2_ch2_25%_-10ratio.wav,5,0,alarm
mixed2_ch2_50%_-10ratio.wav,5,0,alarm
mixed2_ch2_75%_-10ratio.wav,5,0,alarm
mixed2_ch2_100%_-10ratio.wav,5,0,alarm
mixed2_ch2_25%_0ratio.wav,5,0,alarm
mixed2_ch2_50%_0ratio.wav,5,0,alarm
mixed2_ch2_75%_0ratio.wav,5,0,alarm
mixed2_ch2_100%_0ratio.wav,5,0,alarm
mixed2_ch2_25%_10ratio.wav,5,0,alarm
mixed2_ch2_50%_10ratio.wav,5,0,alarm
mixed2_ch2_75%_10ratio.wav,5,0,alarm
mixed2_ch2_100%_10ratio.wav,5,0,alarm
noise_ch121_25%.wav,1,1,none
noise_ch121_50%.wav,1,1,none
noise_ch121_75%.wav,1,1,none
noise_ch121_100%.wav,1,1,none
noise_ch122_25%.wav,1,1,none
noise_ch122_50%.wav,1,1,none
noise_ch122_75%.wav,1,1,none
noise_ch122_100%.wav,1,1,none
noise_ch123_25%.wav,1,1,none
noise_ch123_50%.wav,1,1,none
noise_ch123_75%.wav,1,1,none
noise_ch123_100%.wav,1,1,none
noise_ch124_25%.wav,1,1,none
noise_ch124_50%.wav,1,1,none
noise_ch124_75%.wav,1,1,none
noise_ch124_100%.wav,1,1,none
mixed2_ch2_25%_20ratio.wav,5,0,alarm
mixed2_ch2_50%_20ratio.wav,5,0,alarm
mixed2_ch2_75%_20ratio.wav,5,0,alarm
mixed2_ch2_100%_20ratio.wav,5,0,alarm
mixed2_ch3_25%_-20ratio.wav,5,0,alarm
mixed2_ch3_50%_-20ratio.wav,5,0,alarm
mixed2_ch3_75%_-20ratio.wav,5,0,alarm
mixed2_ch3_100%_-20ratio.wav,5,0,alarm
mixed2_ch3_25%_-10ratio.wav,5,0,alarm
mixed2_ch3_50%_-10ratio.wav,5,0,alarm
mixed2_ch3_75%_-10ratio.wav,5,0,alarm
mixed2_ch3_100%_-10ratio.wav,5,0,alarm
mixed2_ch3_25%_0ratio.wav,5,0,alarm
mixed2_ch3_50%_0ratio.wav,5,0,alarm
mixed2_ch3_75%_0ratio.wav,5,0,alarm
mixed2_ch3_100%_0ratio.wav,5,0,alarm
noise_ch125_25%.wav,1,1,none
noise_ch125_50%.wav,1,1,none
noise_ch125_75%.wav,1,1,none
noise_ch125_100%.wav,1,1,none
noise_ch126_25%.wav,1,1,none
noise_ch126_50%.wav,1,1,none
noise_ch126_75%.wav,1,1,none
noise_ch126_100%.wav,1,1,none
noise_ch127_25%.wav,1,1,none
noise_ch127_50%.wav,1,1,none
noise_ch127_75%.wav,1,1,none
noise_ch127_100%.wav,1,1,none
noise_ch128_25%.wav,1,1,none
noise_ch128_50%.wav,1,1,none
noise_ch128_75%.wav,1,1,none
noise_ch128_100%.wav,1,1,none
mixed2_ch3_25%_10ratio.wav,5,0,alarm
mixed2_ch3_50%_10ratio.wav,5,0,alarm
mixed2_ch3_75%_10ratio.wav,5,0,alarm
mixed2_ch3_100%_10ratio.wav,5,0,alarm
mixed2_ch3_25%_20ratio.wav,5,0,alarm
mixed2_ch3_50%_20ratio.wav,5,0,alarm
mixed2_ch3_75%_20ratio.wav,5,0,alarm
mixed2_ch3_100%_20ratio.wav,5,0,alarm
mixed2_ch4_25%_-20ratio.wav,5,0,alarm
mixed2_ch4_50%_-20ratio.wav,5,0,alarm
mixed2_ch4_75%_-20ratio.wav,5,0,alarm
mixed2_ch4_100%_-20ratio.wav,5,0,alarm
mixed2_ch4_25%_-10ratio.wav,5,0,alarm
mixed2_ch4_50%_-10ratio.wav,5,0,alarm
mixed2_ch4_75%_-10ratio.wav,5,0,alarm
mixed2_ch4_100%_-10ratio.wav,5,0,alarm
noise_ch129_25%.wav,1,1,none
noise_ch129_50%.wav,1,1,none
noise_ch129_75%.wav,1,1,none
noise_ch129_100%.wav,1,1,none
noise_ch130_25%.wav,1,1,none
noise_ch130_50%.wav,1,1,none
noise_ch130_75%.wav,1,1,none
noise_ch130_100%.wav,1,1,none
noise_ch131_25%.wav,1,1,none
noise_ch131_50%.wav,1,1,none
noise_ch131_75%.wav,1,1,none
noise_ch131_100%.wav,1,1,none
noise_ch132_25%.wav,1,1,none
noise_ch132_50%.wav,1,1,none
noise_ch132_75%.wav,1,1,none
noise_ch132_100%.wav,1,1,none
mixed2_ch4_25%_0ratio.wav,5,0,alarm
mixed2_ch4_50%_0ratio.wav,5,0,alarm
mixed2_ch4_75%_0ratio.wav,5,0,alarm
mixed2_ch4_100%_0ratio.wav,5,0,alarm
mixed2_ch4_25%_10ratio.wav,5,0,alarm
mixed2_ch4_50%_10ratio.wav,5,0,alarm
mixed2_ch4_75%_10ratio.wav,5,0,alarm
mixed2_ch4_100%_10ratio.wav,5,0,alarm
mixed2_ch4_25%_20ratio.wav,5,0,alarm
mixed2_ch4_50%_20ratio.wav,5,0,alarm
mixed2_ch4_75%_20ratio.wav,5,0,alarm
mixed2_ch4_100%_20ratio.wav,5,0,alarm
mixed2_ch5_25%_-20ratio.wav,5,0,alarm
mixed2_ch5_50%_-20ratio.wav,5,0,alarm
mixed2_ch5_75%_-20ratio.wav,5,0,alarm
mixed2_ch5_100%_-20ratio.wav,5,0,alarm
noise_ch133_25%.wav,1,1,none
noise_ch133_50%.wav,1,1,none
noise_ch133_75%.wav,1,1,none
noise_ch133_100%.wav,1,1,none
noise_ch134_25%.wav,1,1,none
noise_ch134_50%.wav,1,1,none
noise_ch134_75%.wav,1,1,none
noise_ch134_100%.wav,1,1,none
noise_ch135_25%.wav,1,1,none
noise_ch135_50%.wav,1,1,none
noise_ch135_75%.wav,1,1,none
noise_ch135_100%.wav,1,1,none
noise_ch136_25%.wav,1,1,none
noise_ch136_50%.wav,1,1,none
noise_ch136_75%.wav,1,1,none
noise_ch136_100%.wav,1,1,none
mixed2_ch5_25%_-10ratio.wav,5,0,alarm
mixed2_ch5_50%_-10ratio.wav,5,0,alarm
mixed2_ch5_75%_-10ratio.wav,5,0,alarm
mixed2_ch5_100%_-10ratio.wav,5,0,alarm
mixed2_ch5_25%_0ratio.wav,5,0,alarm
mixed2_ch5_50%_0ratio.wav,5,0,alarm
mixed2_ch5_75%_0ratio.wav,5,0,alarm
mixed2_ch5_100%_0ratio.wav,5,0,alarm
mixed2_ch5_25%_10ratio.wav,5,0,alarm
mixed2_ch5_50%_10ratio.wav,5,0,alarm
mixed2_ch5_75%_10ratio.wav,5,0,alarm
mixed2_ch5_100%_10ratio.wav,5,0,alarm
mixed2_ch5_25%_20ratio.wav,5,0,alarm
mixed2_ch5_50%_20ratio.wav,5,0,alarm
mixed2_ch5_75%_20ratio.wav,5,0,alarm
mixed2_ch5_100%_20ratio.wav,5,0,alarm
noise_ch137_25%.wav,1,1,none
noise_ch137_50%.wav,1,1,none
noise_ch137_75%.wav,1,1,none
noise_ch137_100%.wav,1,1,none
noise_ch138_25%.wav,1,1,none
noise_ch138_50%.wav,1,1,none
noise_ch138_75%.wav,1,1,none
noise_ch138_100%.wav,1,1,none
noise_ch139_25%.wav,1,1,none
noise_ch139_50%.wav,1,1,none
noise_ch139_75%.wav,1,1,none
noise_ch139_100%.wav,1,1,none
noise_ch140_25%.wav,1,1,none
noise_ch140_50%.wav,1,1,none
noise_ch140_75%.wav,1,1,none
noise_ch140_100%.wav,1,1,none
mixed2_ch6_25%_-20ratio.wav,5,0,alarm
mixed2_ch6_50%_-20ratio.wav,5,0,alarm
mixed2_ch6_75%_-20ratio.wav,5,0,alarm
mixed2_ch6_100%_-20ratio.wav,5,0,alarm
mixed2_ch6_25%_-10ratio.wav,5,0,alarm
mixed2_ch6_50%_-10ratio.wav,5,0,alarm
mixed2_ch6_75%_-10ratio.wav,5,0,alarm
mixed2_ch6_100%_-10ratio.wav,5,0,alarm
mixed2_ch6_25%_0ratio.wav,5,0,alarm
mixed2_ch6_50%_0ratio.wav,5,0,alarm
mixed2_ch6_75%_0ratio.wav,5,0,alarm
mixed2_ch6_100%_0ratio.wav,5,0,alarm
mixed2_ch6_25%_10ratio.wav,5,0,alarm
mixed2_ch6_50%_10ratio.wav,5,0,alarm
mixed2_ch6_75%_10ratio.wav,5,0,alarm
mixed2_ch6_100%_10ratio.wav,5,0,alarm
noise_ch141_25%.wav,1,1,none
noise_ch141_50%.wav,1,1,none
noise_ch141_75%.wav,1,1,none
noise_ch141_100%.wav,1,1,none
noise_ch142_25%.wav,1,1,none
noise_ch142_50%.wav,1,1,none
noise_ch142_75%.wav,1,1,none
noise_ch142_100%.wav,1,1,none
noise_ch143_25%.wav,1,1,none
noise_ch143_50%.wav,1,1,none
noise_ch143_75%.wav,1,1,none
noise_ch143_100%.wav,1,1,none
noise_ch144_25%.wav,1,1,none
noise_ch144_50%.wav,1,1,none
noise_ch144_75%.wav,1,1,none
noise_ch144_100%.wav,1,1,none
mixed2_ch6_25%_20ratio.wav,5,0,alarm
mixed2_ch6_50%_20ratio.wav,5,0,alarm
mixed2_ch6_75%_20ratio.wav,5,0,alarm
mixed2_ch6_100%_20ratio.wav,5,0,alarm
mixed2_ch7_25%_-20ratio.wav,5,0,alarm
mixed2_ch7_50%_-20ratio.wav,5,0,alarm
mixed2_ch7_75%_-20ratio.wav,5,0,alarm
mixed2_ch7_100%_-20ratio.wav,5,0,alarm
mixed2_ch7_25%_-10ratio.wav,5,0,alarm
mixed2_ch7_50%_-10ratio.wav,5,0,alarm
mixed2_ch7_75%_-10ratio.wav,5,0,alarm
mixed2_ch7_100%_-10ratio.wav,5,0,alarm
mixed2_ch7_25%_0ratio.wav,5,0,alarm
mixed2_ch7_50%_0ratio.wav,5,0,alarm
mixed2_ch7_75%_0ratio.wav,5,0,alarm
mixed2_ch7_100%_0ratio.wav,5,0,alarm
noise_ch145_25%.wav,1,1,none
noise_ch145_50%.wav,1,1,none
noise_ch145_75%.wav,1,1,none
noise_ch145_100%.wav,1,1,none
noise_ch146_25%.wav,1,1,none
noise_ch146_50%.wav,1,1,none
noise_ch146_75%.wav,1,1,none
noise_ch146_100%.wav,1,1,none
noise_ch147_25%.wav,1,1,none
noise_ch147_50%.wav,1,1,none
noise_ch147_75%.wav,1,1,none
noise_ch147_100%.wav,1,1,none
noise_ch148_25%.wav,1,1,none
noise_ch148_50%.wav,1,1,none
noise_ch148_75%.wav,1,1,none
noise_ch148_100%.wav,1,1,none
mixed2_ch7_25%_10ratio.wav,5,0,alarm
mixed2_ch7_50%_10ratio.wav,5,0,alarm
mixed2_ch7_75%_10ratio.wav,5,0,alarm
mixed2_ch7_100%_10ratio.wav,5,0,alarm
mixed2_ch7_25%_20ratio.wav,5,0,alarm
mixed2_ch7_50%_20ratio.wav,5,0,alarm
mixed2_ch7_75%_20ratio.wav,5,0,alarm
mixed2_ch7_100%_20ratio.wav,5,0,alarm
mixed2_ch8_25%_-20ratio.wav,5,0,alarm
mixed2_ch8_50%_-20ratio.wav,5,0,alarm
mixed2_ch8_75%_-20ratio.wav,5,0,alarm
mixed2_ch8_100%_-20ratio.wav,5,0,alarm
mixed2_ch8_25%_-10ratio.wav,5,0,alarm
mixed2_ch8_50%_-10ratio.wav,5,0,alarm
mixed2_ch8_75%_-10ratio.wav,5,0,alarm
mixed2_ch8_100%_-10ratio.wav,5,0,alarm
noise_ch149_25%.wav,1,1,none
noise_ch149_50%.wav,1,1,none
noise_ch149_75%.wav,1,1,none
noise_ch149_100%.wav,1,1,none
noise_ch150_25%.wav,1,1,none
noise_ch150_50%.wav,1,1,none
noise_ch150_75%.wav,1,1,none
noise_ch150_100%.wav,1,1,none
noise_ch151_25%.wav,1,1,none
noise_ch151_50%.wav,1,1,none
noise_ch151_75%.wav,1,1,none
noise_ch151_100%.wav,1,1,none
noise_ch152_25%.wav,1,1,none
noise_ch152_50%.wav,1,1,none
noise_ch152_75%.wav,1,1,none
noise_ch152_100%.wav,1,1,none
mixed2_ch8_25%_0ratio.wav,5,0,alarm
mixed2_ch8_50%_0ratio.wav,5,0,alarm
mixed2_ch8_75%_0ratio.wav,5,0,alarm
mixed2_ch8_100%_0ratio.wav,5,0,alarm
mixed2_ch8_25%_10ratio.wav,5,0,alarm
mixed2_ch8_50%_10ratio.wav,5,0,alarm
mixed2_ch8_75%_10ratio.wav,5,0,alarm
mixed2_ch8_100%_10ratio.wav,5,0,alarm
mixed2_ch8_25%_20ratio.wav,5,0,alarm
mixed2_ch8_50%_20ratio.wav,5,0,alarm
mixed2_ch8_75%_20ratio.wav,5,0,alarm
mixed2_ch8_100%_20ratio.wav,5,0,alarm
mixed2_ch9_25%_-20ratio.wav,5,0,alarm
mixed2_ch9_50%_-20ratio.wav,5,0,alarm
mixed2_ch9_75%_-20ratio.wav,5,0,alarm
mixed2_ch9_100%_-20ratio.wav,5,0,alarm
noise_ch153_25%.wav,1,1,none
noise_ch153_50%.wav,1,1,none
noise_ch153_75%.wav,1,1,none
noise_ch153_100%.wav,1,1,none
noise_ch154_25%.wav,1,1,none
noise_ch154_50%.wav,1,1,none
noise_ch154_75%.wav,1,1,none
noise_ch154_100%.wav,1,1,none
noise_ch155_25%.wav,1,1,none
noise_ch155_50%.wav,1,1,none
noise_ch155_75%.wav,1,1,none
noise_ch155_100%.wav,1,1,none
noise_ch156_25%.wav,1,1,none
noise_ch156_50%.wav,1,1,none
noise_ch156_75%.wav,1,1,none
noise_ch156_100%.wav,1,1,none
mixed2_ch9_25%_-10ratio.wav,5,0,alarm
mixed2_ch9_50%_-10ratio.wav,5,0,alarm
mixed2_ch9_75%_-10ratio.wav,5,0,alarm
mixed2_ch9_100%_-10ratio.wav,5,0,alarm
mixed2_ch9_25%_0ratio.wav,5,0,alarm
mixed2_ch9_50%_0ratio.wav,5,0,alarm
mixed2_ch9_75%_0ratio.wav,5,0,alarm
mixed2_ch9_100%_0ratio.wav,5,0,alarm
mixed2_ch9_25%_10ratio.wav,5,0,alarm
mixed2_ch9_50%_10ratio.wav,5,0,alarm
mixed2_ch9_75%_10ratio.wav,5,0,alarm
mixed2_ch9_100%_10ratio.wav,5,0,alarm
mixed2_ch9_25%_20ratio.wav,5,0,alarm
mixed2_ch9_50%_20ratio.wav,5,0,alarm
mixed2_ch9_75%_20ratio.wav,5,0,alarm
mixed2_ch9_100%_20ratio.wav,5,0,alarm
noise_ch157_25%.wav,1,1,none
noise_ch157_50%.wav,1,1,none
noise_ch157_75%.wav,1,1,none
noise_ch157_100%.wav,1,1,none
noise_ch158_25%.wav,1,1,none
noise_ch158_50%.wav,1,1,none
noise_ch158_75%.wav,1,1,none
noise_ch158_100%.wav,1,1,none
noise_ch159_25%.wav,1,1,none
noise_ch159_50%.wav,1,1,none
noise_ch159_75%.wav,1,1,none
noise_ch159_100%.wav,1,1,none
noise_ch160_25%.wav,1,1,none
noise_ch160_50%.wav,1,1,none
noise_ch160_75%.wav,1,1,none
noise_ch160_100%.wav,1,1,none
mixed2_ch10_25%_-20ratio.wav,5,0,alarm
mixed2_ch10_50%_-20ratio.wav,5,0,alarm
mixed2_ch10_75%_-20ratio.wav,5,0,alarm
mixed2_ch10_100%_-20ratio.wav,5,0,alarm
mixed2_ch10_25%_-10ratio.wav,5,0,alarm
mixed2_ch10_50%_-10ratio.wav,5,0,alarm
mixed2_ch10_75%_-10ratio.wav,5,0,alarm
mixed2_ch10_100%_-10ratio.wav,5,0,alarm
mixed2_ch10_25%_0ratio.wav,5,0,alarm
mixed2_ch10_50%_0ratio.wav,5,0,alarm
mixed2_ch10_75%_0ratio.wav,5,0,alarm
mixed2_ch10_100%_0ratio.wav,5,0,alarm
mixed2_ch10_25%_10ratio.wav,5,0,alarm
mixed2_ch10_50%_10ratio.wav,5,0,alarm
mixed2_ch10_75%_10ratio.wav,5,0,alarm
mixed2_ch10_100%_10ratio.wav,5,0,alarm
noise_ch161_25%.wav,1,1,none
noise_ch161_50%.wav,1,1,none
noise_ch161_75%.wav,1,1,none
noise_ch161_100%.wav,1,1,none
noise_ch162_25%.wav,1,1,none
noise_ch162_50%.wav,1,1,none
noise_ch162_75%.wav,1,1,none
noise_ch162_100%.wav,1,1,none
noise_ch163_25%.wav,1,1,none
noise_ch163_50%.wav,1,1,none
noise_ch163_75%.wav,1,1,none
noise_ch163_100%.wav,1,1,none
noise_ch164_25%.wav,1,1,none
noise_ch164_50%.wav,1,1,none
noise_ch164_75%.wav,1,1,none
noise_ch164_100%.wav,1,1,none
mixed2_ch10_25%_20ratio.wav,5,0,alarm
mixed2_ch10_50%_20ratio.wav,5,0,alarm
mixed2_ch10_75%_20ratio.wav,5,0,alarm
mixed2_ch10_100%_20ratio.wav,5,0,alarm
mixed2_ch11_25%_-20ratio.wav,5,0,alarm
mixed2_ch11_50%_-20ratio.wav,5,0,alarm
mixed2_ch11_75%_-20ratio.wav,5,0,alarm
mixed2_ch11_100%_-20ratio.wav,5,0,alarm
mixed2_ch11_25%_-10ratio.wav,5,0,alarm
mixed2_ch11_50%_-10ratio.wav,5,0,alarm
mixed2_ch11_75%_-10ratio.wav,5,0,alarm
mixed2_ch11_100%_-10ratio.wav,5,0,alarm
mixed2_ch11_25%_0ratio.wav,5,0,alarm
mixed2_ch11_50%_0ratio.wav,5,0,alarm
mixed2_ch11_75%_0ratio.wav,5,0,alarm
mixed2_ch11_100%_0ratio.wav,5,0,alarm
noise_ch165_25%.wav,1,1,none
noise_ch165_50%.wav,1,1,none
noise_ch165_75%.wav,1,1,none
noise_ch165_100%.wav,1,1,none
noise_ch166_25%.wav,1,1,none
noise_ch166_50%.wav,1,1,none
noise_ch166_75%.wav,1,1,none
noise_ch166_100%.wav,1,1,none
noise_ch167_25%.wav,1,1,none
noise_ch167_50%.wav,1,1,none
noise_ch167_75%.wav,1,1,none
noise_ch167_100%.wav,1,1,none
noise_ch168_25%.wav,1,1,none
noise_ch168_50%.wav,1,1,none
noise_ch168_75%.wav,1,1,none
noise_ch168_100%.wav,1,1,none
mixed2_ch11_25%_10ratio.wav,5,0,alarm
mixed2_ch11_50%_10ratio.wav,5,0,alarm
mixed2_ch11_75%_10ratio.wav,5,0,alarm
mixed2_ch11_100%_10ratio.wav,5,0,alarm
mixed2_ch11_25%_20ratio.wav,5,0,alarm
mixed2_ch11_50%_20ratio.wav,5,0,alarm
mixed2_ch11_75%_20ratio.wav,5,0,alarm
mixed2_ch11_100%_20ratio.wav,5,0,alarm
mixed2_ch12_25%_-20ratio.wav,5,0,alarm
mixed2_ch12_50%_-20ratio.wav,5,0,alarm
mixed2_ch12_75%_-20ratio.wav,5,0,alarm
mixed2_ch12_100%_-20ratio.wav,5,0,alarm
mixed2_ch12_25%_-10ratio.wav,5,0,alarm
mixed2_ch12_50%_-10ratio.wav,5,0,alarm
mixed2_ch12_75%_-10ratio.wav,5,0,alarm
mixed2_ch12_100%_-10ratio.wav,5,0,alarm
noise_ch169_25%.wav,1,1,none
noise_ch169_50%.wav,1,1,none
noise_ch169_75%.wav,1,1,none
noise_ch169_100%.wav,1,1,none
noise_ch170_25%.wav,1,1,none
noise_ch170_50%.wav,1,1,none
noise_ch170_75%.wav,1,1,none
noise_ch170_100%.wav,1,1,none
noise_ch171_25%.wav,1,1,none
noise_ch171_50%.wav,1,1,none
noise_ch171_75%.wav,1,1,none
noise_ch171_100%.wav,1,1,none
noise_ch172_25%.wav,1,1,none
noise_ch172_50%.wav,1,1,none
noise_ch172_75%.wav,1,1,none
noise_ch172_100%.wav,1,1,none
mixed2_ch12_25%_0ratio.wav,5,0,alarm
mixed2_ch12_50%_0ratio.wav,5,0,alarm
mixed2_ch12_75%_0ratio.wav,5,0,alarm
mixed2_ch12_100%_0ratio.wav,5,0,alarm
mixed2_ch12_25%_10ratio.wav,5,0,alarm
mixed2_ch12_50%_10ratio.wav,5,0,alarm
mixed2_ch12_75%_10ratio.wav,5,0,alarm
mixed2_ch12_100%_10ratio.wav,5,0,alarm
mixed2_ch12_25%_20ratio.wav,5,0,alarm
mixed2_ch12_50%_20ratio.wav,5,0,alarm
mixed2_ch12_75%_20ratio.wav,5,0,alarm
mixed2_ch12_100%_20ratio.wav,5,0,alarm
mixed2_ch13_25%_-20ratio.wav,5,0,alarm
mixed2_ch13_50%_-20ratio.wav,5,0,alarm
mixed2_ch13_75%_-20ratio.wav,5,0,alarm
mixed2_ch13_100%_-20ratio.wav,5,0,alarm
noise_ch173_25%.wav,1,1,none
noise_ch173_50%.wav,1,1,none
noise_ch173_75%.wav,1,1,none
noise_ch173_100%.wav,1,1,none
noise_ch174_25%.wav,1,1,none
noise_ch174_50%.wav,1,1,none
noise_ch174_75%.wav,1,1,none
noise_ch174_100%.wav,1,1,none
noise_ch175_25%.wav,1,1,none
noise_ch175_50%.wav,1,1,none
noise_ch175_75%.wav,1,1,none
noise_ch175_100%.wav,1,1,none
noise_ch176_25%.wav,1,1,none
noise_ch176_50%.wav,1,1,none
noise_ch176_75%.wav,1,1,none
noise_ch176_100%.wav,1,1,none
mixed2_ch13_25%_-10ratio.wav,5,0,alarm
mixed2_ch13_50%_-10ratio.wav,5,0,alarm
mixed2_ch13_75%_-10ratio.wav,5,0,alarm
mixed2_ch13_100%_-10ratio.wav,5,0,alarm
mixed2_ch13_25%_0ratio.wav,5,0,alarm
mixed2_ch13_50%_0ratio.wav,5,0,alarm
mixed2_ch13_75%_0ratio.wav,5,0,alarm
mixed2_ch13_100%_0ratio.wav,5,0,alarm
mixed2_ch13_25%_10ratio.wav,5,0,alarm
mixed2_ch13_50%_10ratio.wav,5,0,alarm
mixed2_ch13_75%_10ratio.wav,5,0,alarm
mixed2_ch13_100%_10ratio.wav,5,0,alarm
mixed2_ch13_25%_20ratio.wav,5,0,alarm
mixed2_ch13_50%_20ratio.wav,5,0,alarm
mixed2_ch13_75%_20ratio.wav,5,0,alarm
mixed2_ch13_100%_20ratio.wav,5,0,alarm
noise_ch177_25%.wav,1,1,none
noise_ch177_50%.wav,1,1,none
noise_ch177_75%.wav,1,1,none
noise_ch177_100%.wav,1,1,none
noise_ch178_25%.wav,1,1,none
noise_ch178_50%.wav,1,1,none
noise_ch178_75%.wav,1,1,none
noise_ch178_100%.wav,1,1,none
noise_ch179_25%.wav,1,1,none
noise_ch179_50%.wav,1,1,none
noise_ch179_75%.wav,1,1,none
noise_ch179_100%.wav,1,1,none
noise_ch180_25%.wav,1,1,none
noise_ch180_50%.wav,1,1,none
noise_ch180_75%.wav,1,1,none
noise_ch180_100%.wav,1,1,none
mixed2_ch14_25%_-20ratio.wav,5,0,alarm
mixed2_ch14_50%_-20ratio.wav,5,0,alarm
mixed2_ch14_75%_-20ratio.wav,5,0,alarm
mixed2_ch14_100%_-20ratio.wav,5,0,alarm
mixed2_ch14_25%_-10ratio.wav,5,0,alarm
mixed2_ch14_50%_-10ratio.wav,5,0,alarm
mixed2_ch14_75%_-10ratio.wav,5,0,alarm
mixed2_ch14_100%_-10ratio.wav,5,0,alarm
mixed2_ch14_25%_0ratio.wav,5,0,alarm
mixed2_ch14_50%_0ratio.wav,5,0,alarm
mixed2_ch14_75%_0ratio.wav,5,0,alarm
mixed2_ch14_100%_0ratio.wav,5,0,alarm
mixed2_ch14_25%_10ratio.wav,5,0,alarm
mixed2_ch14_50%_10ratio.wav,5,0,alarm
mixed2_ch14_75%_10ratio.wav,5,0,alarm
mixed2_ch14_100%_10ratio.wav,5,0,alarm
noise_ch181_25%.wav,1,1,none
noise_ch181_50%.wav,1,1,none
noise_ch181_75%.wav,1,1,none
noise_ch181_100%.wav,1,1,none
noise_ch182_25%.wav,1,1,none
noise_ch182_50%.wav,1,1,none
noise_ch182_75%.wav,1,1,none
noise_ch182_100%.wav,1,1,none
noise_ch183_25%.wav,1,1,none
noise_ch183_50%.wav,1,1,none
noise_ch183_75%.wav,1,1,none
noise_ch183_100%.wav,1,1,none
noise_ch184_25%.wav,1,1,none
noise_ch184_50%.wav,1,1,none
noise_ch184_75%.wav,1,1,none
noise_ch184_100%.wav,1,1,none
mixed2_ch14_25%_20ratio.wav,5,0,alarm
mixed2_ch14_50%_20ratio.wav,5,0,alarm
mixed2_ch14_75%_20ratio.wav,5,0,alarm
mixed2_ch14_100%_20ratio.wav,5,0,alarm
mixed2_ch15_25%_-20ratio.wav,5,0,alarm
mixed2_ch15_50%_-20ratio.wav,5,0,alarm
mixed2_ch15_75%_-20ratio.wav,5,0,alarm
mixed2_ch15_100%_-20ratio.wav,5,0,alarm
mixed2_ch15_25%_-10ratio.wav,5,0,alarm
mixed2_ch15_50%_-10ratio.wav,5,0,alarm
mixed2_ch15_75%_-10ratio.wav,5,0,alarm
mixed2_ch15_100%_-10ratio.wav,5,0,alarm
mixed2_ch15_25%_0ratio.wav,5,0,alarm
mixed2_ch15_50%_0ratio.wav,5,0,alarm
mixed2_ch15_75%_0ratio.wav,5,0,alarm
mixed2_ch15_100%_0ratio.wav,5,0,alarm
noise_ch185_25%.wav,1,1,none
noise_ch185_50%.wav,1,1,none
noise_ch185_75%.wav,1,1,none
noise_ch185_100%.wav,1,1,none
noise_ch186_25%.wav,1,1,none
noise_ch186_50%.wav,1,1,none
noise_ch186_75%.wav,1,1,none
noise_ch186_100%.wav,1,1,none
noise_ch187_25%.wav,1,1,none
noise_ch187_50%.wav,1,1,none
noise_ch187_75%.wav,1,1,none
noise_ch187_100%.wav,1,1,none
noise_ch188_25%.wav,1,1,none
noise_ch188_50%.wav,1,1,none
noise_ch188_75%.wav,1,1,none
noise_ch188_100%.wav,1,1,none
mixed2_ch15_25%_10ratio.wav,5,0,alarm
mixed2_ch15_50%_10ratio.wav,5,0,alarm
mixed2_ch15_75%_10ratio.wav,5,0,alarm
mixed2_ch15_100%_10ratio.wav,5,0,alarm
mixed2_ch15_25%_20ratio.wav,5,0,alarm
mixed2_ch15_50%_20ratio.wav,5,0,alarm
mixed2_ch15_75%_20ratio.wav,5,0,alarm
mixed2_ch15_100%_20ratio.wav,5,0,alarm
mixed2_ch16_25%_-20ratio.wav,5,0,alarm
mixed2_ch16_50%_-20ratio.wav,5,0,alarm
mixed2_ch16_75%_-20ratio.wav,5,0,alarm
mixed2_ch16_100%_-20ratio.wav,5,0,alarm
mixed2_ch16_25%_-10ratio.wav,5,0,alarm
mixed2_ch16_50%_-10ratio.wav,5,0,alarm
mixed2_ch16_75%_-10ratio.wav,5,0,alarm
mixed2_ch16_100%_-10ratio.wav,5,0,alarm
noise_ch189_25%.wav,1,1,none
noise_ch189_50%.wav,1,1,none
noise_ch189_75%.wav,1,1,none
noise_ch189_100%.wav,1,1,none
noise_ch190_25%.wav,1,1,none
noise_ch190_50%.wav,1,1,none
noise_ch190_75%.wav,1,1,none
noise_ch190_100%.wav,1,1,none
noise_ch191_25%.wav,1,1,none
noise_ch191_50%.wav,1,1,none
noise_ch191_75%.wav,1,1,none
noise_ch191_100%.wav,1,1,none
noise_ch192_25%.wav,1,1,none
noise_ch192_50%.wav,1,1,none
noise_ch192_75%.wav,1,1,none
noise_ch192_100%.wav,1,1,none
mixed2_ch16_25%_0ratio.wav,5,0,alarm
mixed2_ch16_50%_0ratio.wav,5,0,alarm
mixed2_ch16_75%_0ratio.wav,5,0,alarm
mixed2_ch16_100%_0ratio.wav,5,0,alarm
mixed2_ch16_25%_10ratio.wav,5,0,alarm
mixed2_ch16_50%_10ratio.wav,5,0,alarm
mixed2_ch16_75%_10ratio.wav,5,0,alarm
mixed2_ch16_100%_10ratio.wav,5,0,alarm
mixed2_ch16_25%_20ratio.wav,5,0,alarm
mixed2_ch16_50%_20ratio.wav,5,0,alarm
mixed2_ch16_75%_20ratio.wav,5,0,alarm
mixed2_ch16_100%_20ratio.wav,5,0,alarm
mixed2_ch17_25%_-20ratio.wav,5,0,alarm
mixed2_ch17_50%_-20ratio.wav,5,0,alarm
mixed2_ch17_75%_-20ratio.wav,5,0,alarm
mixed2_ch17_100%_-20ratio.wav,5,0,alarm
noise_ch193_25%.wav,1,1,none
noise_ch193_50%.wav,1,1,none
noise_ch193_75%.wav,1,1,none
noise_ch193_100%.wav,1,1,none
noise_ch194_25%.wav,1,1,none
noise_ch194_50%.wav,1,1,none
noise_ch194_75%.wav,1,1,none
noise_ch194_100%.wav,1,1,none
noise_ch195_25%.wav,1,1,none
noise_ch195_50%.wav,1,1,none
noise_ch195_75%.wav,1,1,none
noise_ch195_100%.wav,1,1,none
noise_ch196_25%.wav,1,1,none
noise_ch196_50%.wav,1,1,none
noise_ch196_75%.wav,1,1,none
noise_ch196_100%.wav,1,1,none
mixed2_ch17_25%_-10ratio.wav,5,0,alarm
mixed2_ch17_50%_-10ratio.wav,5,0,alarm
mixed2_ch17_75%_-10ratio.wav,5,0,alarm
mixed2_ch17_100%_-10ratio.wav,5,0,alarm
mixed2_ch17_25%_0ratio.wav,5,0,alarm
mixed2_ch17_50%_0ratio.wav,5,0,alarm
mixed2_ch17_75%_0ratio.wav,5,0,alarm
mixed2_ch17_100%_0ratio.wav,5,0,alarm
mixed2_ch17_25%_10ratio.wav,5,0,alarm
mixed2_ch17_50%_10ratio.wav,5,0,alarm
mixed2_ch17_75%_10ratio.wav,5,0,alarm
mixed2_ch17_100%_10ratio.wav,5,0,alarm
mixed2_ch17_25%_20ratio.wav,5,0,alarm
mixed2_ch17_50%_20ratio.wav,5,0,alarm
mixed2_ch17_75%_20ratio.wav,5,0,alarm
mixed2_ch17_100%_20ratio.wav,5,0,alarm
noise_ch197_25%.wav,1,1,none
noise_ch197_50%.wav,1,1,none
noise_ch197_75%.wav,1,1,none
noise_ch197_100%.wav,1,1,none
noise_ch198_25%.wav,1,1,none
noise_ch198_50%.wav,1,1,none
noise_ch198_75%.wav,1,1,none
noise_ch198_100%.wav,1,1,none
noise_ch199_25%.wav,1,1,none
noise_ch199_50%.wav,1,1,none
noise_ch199_75%.wav,1,1,none
noise_ch199_100%.wav,1,1,none
noise_ch200_25%.wav,1,1,none
noise_ch200_50%.wav,1,1,none
noise_ch200_75%.wav,1,1,none
noise_ch200_100%.wav,1,1,none
mixed2_ch18_25%_-20ratio.wav,5,0,alarm
mixed2_ch18_50%_-20ratio.wav,5,0,alarm
mixed2_ch18_75%_-20ratio.wav,5,0,alarm
mixed2_ch18_100%_-20ratio.wav,5,0,alarm
mixed2_ch18_25%_-10ratio.wav,5,0,alarm
mixed2_ch18_50%_-10ratio.wav,5,0,alarm
mixed2_ch18_75%_-10ratio.wav,5,0,alarm
mixed2_ch18_100%_-10ratio.wav,5,0,alarm
mixed2_ch18_25%_0ratio.wav,5,0,alarm
mixed2_ch18_50%_0ratio.wav,5,0,alarm
mixed2_ch18_75%_0ratio.wav,5,0,alarm
mixed2_ch18_100%_0ratio.wav,5,0,alarm
mixed2_ch18_25%_10ratio.wav,5,0,alarm
mixed2_ch18_50%_10ratio.wav,5,0,alarm
mixed2_ch18_75%_10ratio.wav,5,0,alarm
mixed2_ch18_100%_10ratio.wav,5,0,alarm
noise_ch201_25%.wav,1,1,none
noise_ch201_50%.wav,1,1,none
noise_ch201_75%.wav,1,1,none
noise_ch201_100%.wav,1,1,none
noise_ch202_25%.wav,1,1,none
noise_ch202_50%.wav,1,1,none
noise_ch202_75%.wav,1,1,none
noise_ch202_100%.wav,1,1,none
noise_ch203_25%.wav,1,1,none
noise_ch203_50%.wav,1,1,none
noise_ch203_75%.wav,1,1,none
noise_ch203_100%.wav,1,1,none
noise_ch204_25%.wav,1,1,none
noise_ch204_50%.wav,1,1,none
noise_ch204_75%.wav,1,1,none
noise_ch204_100%.wav,1,1,none
mixed2_ch18_25%_20ratio.wav,5,0,alarm
mixed2_ch18_50%_20ratio.wav,5,0,alarm
mixed2_ch18_75%_20ratio.wav,5,0,alarm
mixed2_ch18_100%_20ratio.wav,5,0,alarm
mixed2_ch19_25%_-20ratio.wav,5,0,alarm
mixed2_ch19_50%_-20ratio.wav,5,0,alarm
mixed2_ch19_75%_-20ratio.wav,5,0,alarm
mixed2_ch19_100%_-20ratio.wav,5,0,alarm
mixed2_ch19_25%_-10ratio.wav,5,0,alarm
mixed2_ch19_50%_-10ratio.wav,5,0,alarm
mixed2_ch19_75%_-10ratio.wav,5,0,alarm
mixed2_ch19_100%_-10ratio.wav,5,0,alarm
mixed2_ch19_25%_0ratio.wav,5,0,alarm
mixed2_ch19_50%_0ratio.wav,5,0,alarm
mixed2_ch19_75%_0ratio.wav,5,0,alarm
mixed2_ch19_100%_0ratio.wav,5,0,alarm
noise_ch205_25%.wav,1,1,none
noise_ch205_50%.wav,1,1,none
noise_ch205_75%.wav,1,1,none
noise_ch205_100%.wav,1,1,none
noise_ch206_25%.wav,1,1,none
noise_ch206_50%.wav,1,1,none
noise_ch206_75%.wav,1,1,none
noise_ch206_100%.wav,1,1,none
noise_ch207_25%.wav,1,1,none
noise_ch207_50%.wav,1,1,none
noise_ch207_75%.wav,1,1,none
noise_ch207_100%.wav,1,1,none
noise_ch208_25%.wav,1,1,none
noise_ch208_50%.wav,1,1,none
noise_ch208_75%.wav,1,1,none
noise_ch208_100%.wav,1,1,none
mixed2_ch19_25%_10ratio.wav,5,0,alarm
mixed2_ch19_50%_10ratio.wav,5,0,alarm
mixed2_ch19_75%_10ratio.wav,5,0,alarm
mixed2_ch19_100%_10ratio.wav,5,0,alarm
mixed2_ch19_25%_20ratio.wav,5,0,alarm
mixed2_ch19_50%_20ratio.wav,5,0,alarm
mixed2_ch19_75%_20ratio.wav,5,0,alarm
mixed2_ch19_100%_20ratio.wav,5,0,alarm
mixed2_ch20_25%_-20ratio.wav,5,0,alarm
mixed2_ch20_50%_-20ratio.wav,5,0,alarm
mixed2_ch20_75%_-20ratio.wav,5,0,alarm
mixed2_ch20_100%_-20ratio.wav,5,0,alarm
mixed2_ch20_25%_-10ratio.wav,5,0,alarm
mixed2_ch20_50%_-10ratio.wav,5,0,alarm
mixed2_ch20_75%_-10ratio.wav,5,0,alarm
mixed2_ch20_100%_-10ratio.wav,5,0,alarm
noise_ch209_25%.wav,1,1,none
noise_ch209_50%.wav,1,1,none
noise_ch209_75%.wav,1,1,none
noise_ch209_100%.wav,1,1,none
noise_ch210_25%.wav,1,1,none
noise_ch210_50%.wav,1,1,none
noise_ch210_75%.wav,1,1,none
noise_ch210_100%.wav,1,1,none
noise_ch211_25%.wav,1,1,none
noise_ch211_50%.wav,1,1,none
noise_ch211_75%.wav,1,1,none
noise_ch211_100%.wav,1,1,none
noise_ch212_25%.wav,1,1,none
noise_ch212_50%.wav,1,1,none
noise_ch212_75%.wav,1,1,none
noise_ch212_100%.wav,1,1,none
mixed2_ch20_25%_0ratio.wav,5,0,alarm
mixed2_ch20_50%_0ratio.wav,5,0,alarm
mixed2_ch20_75%_0ratio.wav,5,0,alarm
mixed2_ch20_100%_0ratio.wav,5,0,alarm
mixed2_ch20_25%_10ratio.wav,5,0,alarm
mixed2_ch20_50%_10ratio.wav,5,0,alarm
mixed2_ch20_75%_10ratio.wav,5,0,alarm
mixed2_ch20_100%_10ratio.wav,5,0,alarm
mixed2_ch20_25%_20ratio.wav,5,0,alarm
mixed2_ch20_50%_20ratio.wav,5,0,alarm
mixed2_ch20_75%_20ratio.wav,5,0,alarm
mixed2_ch20_100%_20ratio.wav,5,0,alarm
mixed2_ch21_25%_-20ratio.wav,5,0,alarm
mixed2_ch21_50%_-20ratio.wav,5,0,alarm
mixed2_ch21_75%_-20ratio.wav,5,0,alarm
mixed2_ch21_100%_-20ratio.wav,5,0,alarm
noise_ch213_25%.wav,1,1,none
noise_ch213_50%.wav,1,1,none
noise_ch213_75%.wav,1,1,none
noise_ch213_100%.wav,1,1,none
noise_ch214_25%.wav,1,1,none
noise_ch214_50%.wav,1,1,none
noise_ch214_75%.wav,1,1,none
noise_ch214_100%.wav,1,1,none
noise_ch215_25%.wav,1,1,none
noise_ch215_50%.wav,1,1,none
noise_ch215_75%.wav,1,1,none
noise_ch215_100%.wav,1,1,none
noise_ch216_25%.wav,1,1,none
noise_ch216_50%.wav,1,1,none
noise_ch216_75%.wav,1,1,none
noise_ch216_100%.wav,1,1,none
mixed2_ch21_25%_-10ratio.wav,5,0,alarm
mixed2_ch21_50%_-10ratio.wav,5,0,alarm
mixed2_ch21_75%_-10ratio.wav,5,0,alarm
mixed2_ch21_100%_-10ratio.wav,5,0,alarm
mixed2_ch21_25%_0ratio.wav,5,0,alarm
mixed2_ch21_50%_0ratio.wav,5,0,alarm
mixed2_ch21_75%_0ratio.wav,5,0,alarm
mixed2_ch21_100%_0ratio.wav,5,0,alarm
mixed2_ch21_25%_10ratio.wav,5,0,alarm
mixed2_ch21_50%_10ratio.wav,5,0,alarm
mixed2_ch21_75%_10ratio.wav,5,0,alarm
mixed2_ch21_100%_10ratio.wav,5,0,alarm
mixed2_ch21_25%_20ratio.wav,5,0,alarm
mixed2_ch21_50%_20ratio.wav,5,0,alarm
mixed2_ch21_75%_20ratio.wav,5,0,alarm
mixed2_ch21_100%_20ratio.wav,5,0,alarm
noise_ch217_25%.wav,1,1,none
noise_ch217_50%.wav,1,1,none
noise_ch217_75%.wav,1,1,none
noise_ch217_100%.wav,1,1,none
noise_ch218_25%.wav,1,1,none
noise_ch218_50%.wav,1,1,none
noise_ch218_75%.wav,1,1,none
noise_ch218_100%.wav,1,1,none
noise_ch219_25%.wav,1,1,none
noise_ch219_50%.wav,1,1,none
noise_ch219_75%.wav,1,1,none
noise_ch219_100%.wav,1,1,none
noise_ch220_25%.wav,1,1,none
noise_ch220_50%.wav,1,1,none
noise_ch220_75%.wav,1,1,none
noise_ch220_100%.wav,1,1,none
mixed2_ch22_25%_-20ratio.wav,5,0,alarm
mixed2_ch22_50%_-20ratio.wav,5,0,alarm
mixed2_ch22_75%_-20ratio.wav,5,0,alarm
mixed2_ch22_100%_-20ratio.wav,5,0,alarm
mixed2_ch22_25%_-10ratio.wav,5,0,alarm
mixed2_ch22_50%_-10ratio.wav,5,0,alarm
mixed2_ch22_75%_-10ratio.wav,5,0,alarm
mixed2_ch22_100%_-10ratio.wav,5,0,alarm
mixed2_ch22_25%_0ratio.wav,5,0,alarm
mixed2_ch22_50%_0ratio.wav,5,0,alarm
mixed2_ch22_75%_0ratio.wav,5,0,alarm
mixed2_ch22_100%_0ratio.wav,5,0,alarm
mixed2_ch22_25%_10ratio.wav,5,0,alarm
mixed2_ch22_50%_10ratio.wav,5,0,alarm
mixed2_ch22_75%_10ratio.wav,5,0,alarm
mixed2_ch22_100%_10ratio.wav,5,0,alarm
noise_ch221_25%.wav,1,1,none
noise_ch221_50%.wav,1,1,none
noise_ch221_75%.wav,1,1,none
noise_ch221_100%.wav,1,1,none
noise_ch222_25%.wav,1,1,none
noise_ch222_50%.wav,1,1,none
noise_ch222_75%.wav,1,1,none
noise_ch222_100%.wav,1,1,none
noise_ch223_25%.wav,1,1,none
noise_ch223_50%.wav,1,1,none
noise_ch223_75%.wav,1,1,none
noise_ch223_100%.wav,1,1,none
noise_ch224_25%.wav,1,1,none
noise_ch224_50%.wav,1,1,none
noise_ch224_75%.wav,1,1,none
noise_ch224_100%.wav,1,1,none
mixed2_ch22_25%_20ratio.wav,5,0,alarm
mixed2_ch22_50%_20ratio.wav,5,0,alarm
mixed2_ch22_75%_20ratio.wav,5,0,alarm
mixed2_ch22_100%_20ratio.wav,5,0,alarm
mixed2_ch23_25%_-20ratio.wav,5,0,alarm
mixed2_ch23_50%_-20ratio.wav,5,0,alarm
mixed2_ch23_75%_-20ratio.wav,5,0,alarm
mixed2_ch23_100%_-20ratio.wav,5,0,alarm
mixed2_ch23_25%_-10ratio.wav,5,0,alarm
mixed2_ch23_50%_-10ratio.wav,5,0,alarm
mixed2_ch23_75%_-10ratio.wav,5,0,alarm
mixed2_ch23_100%_-10ratio.wav,5,0,alarm
mixed2_ch23_25%_0ratio.wav,5,0,alarm
mixed2_ch23_50%_0ratio.wav,5,0,alarm
mixed2_ch23_75%_0ratio.wav,5,0,alarm
mixed2_ch23_100%_0ratio.wav,5,0,alarm
noise_ch225_25%.wav,1,1,none
noise_ch225_50%.wav,1,1,none
noise_ch225_75%.wav,1,1,none
noise_ch225_100%.wav,1,1,none
noise_ch226_25%.wav,1,1,none
noise_ch226_50%.wav,1,1,none
noise_ch226_75%.wav,1,1,none
noise_ch226_100%.wav,1,1,none
noise_ch227_25%.wav,1,1,none
noise_ch227_50%.wav,1,1,none
noise_ch227_75%.wav,1,1,none
noise_ch227_100%.wav,1,1,none
noise_ch228_25%.wav,1,1,none
noise_ch228_50%.wav,1,1,none
noise_ch228_75%.wav,1,1,none
noise_ch228_100%.wav,1,1,none
mixed2_ch23_25%_10ratio.wav,5,0,alarm
mixed2_ch23_50%_10ratio.wav,5,0,alarm
mixed2_ch23_75%_10ratio.wav,5,0,alarm
mixed2_ch23_100%_10ratio.wav,5,0,alarm
mixed2_ch23_25%_20ratio.wav,5,0,alarm
mixed2_ch23_50%_20ratio.wav,5,0,alarm
mixed2_ch23_75%_20ratio.wav,5,0,alarm
mixed2_ch23_100%_20ratio.wav,5,0,alarm
mixed3_ch1_25%_-20ratio.wav,5,0,alarm
mixed3_ch1_50%_-20ratio.wav,5,0,alarm
mixed3_ch1_75%_-20ratio.wav,5,0,alarm
mixed3_ch1_100%_-20ratio.wav,5,0,alarm
mixed3_ch1_25%_-10ratio.wav,5,0,alarm
mixed3_ch1_50%_-10ratio.wav,5,0,alarm
mixed3_ch1_75%_-10ratio.wav,5,0,alarm
mixed3_ch1_100%_-10ratio.wav,5,0,alarm
noise_ch229_25%.wav,1,1,none
noise_ch229_50%.wav,1,1,none
noise_ch229_75%.wav,1,1,none
noise_ch229_100%.wav,1,1,none
noise_ch230_25%.wav,1,1,none
noise_ch230_50%.wav,1,1,none
noise_ch230_75%.wav,1,1,none
noise_ch230_100%.wav,1,1,none
noise_ch231_25%.wav,1,1,none
noise_ch231_50%.wav,1,1,none
noise_ch231_75%.wav,1,1,none
noise_ch231_100%.wav,1,1,none
noise_ch232_25%.wav,1,1,none
noise_ch232_50%.wav,1,1,none
noise_ch232_75%.wav,1,1,none
noise_ch232_100%.wav,1,1,none
mixed3_ch1_25%_0ratio.wav,5,0,alarm
mixed3_ch1_50%_0ratio.wav,5,0,alarm
mixed3_ch1_75%_0ratio.wav,5,0,alarm
mixed3_ch1_100%_0ratio.wav,5,0,alarm
mixed3_ch1_25%_10ratio.wav,5,0,alarm
mixed3_ch1_50%_10ratio.wav,5,0,alarm
mixed3_ch1_75%_10ratio.wav,5,0,alarm
mixed3_ch1_100%_10ratio.wav,5,0,alarm
mixed3_ch1_25%_20ratio.wav,5,0,alarm
mixed3_ch1_50%_20ratio.wav,5,0,alarm
mixed3_ch1_75%_20ratio.wav,5,0,alarm
mixed3_ch1_100%_20ratio.wav,5,0,alarm
mixed3_ch2_25%_-20ratio.wav,5,0,alarm
mixed3_ch2_50%_-20ratio.wav,5,0,alarm
mixed3_ch2_75%_-20ratio.wav,5,0,alarm
mixed3_ch2_100%_-20ratio.wav,5,0,alarm
noise_ch233_25%.wav,1,1,none
noise_ch233_50%.wav,1,1,none
noise_ch233_75%.wav,1,1,none
noise_ch233_100%.wav,1,1,none
noise_ch234_25%.wav,1,1,none
noise_ch234_50%.wav,1,1,none
noise_ch234_75%.wav,1,1,none
noise_ch234_100%.wav,1,1,none
noise_ch235_25%.wav,1,1,none
noise_ch235_50%.wav,1,1,none
noise_ch235_75%.wav,1,1,none
noise_ch235_100%.wav,1,1,none
noise_ch236_25%.wav,1,1,none
noise_ch236_50%.wav,1,1,none
noise_ch236_75%.wav,1,1,none
noise_ch236_100%.wav,1,1,none
mixed3_ch2_25%_-10ratio.wav,5,0,alarm
mixed3_ch2_50%_-10ratio.wav,5,0,alarm
mixed3_ch2_75%_-10ratio.wav,5,0,alarm
mixed3_ch2_100%_-10ratio.wav,5,0,alarm
mixed3_ch2_25%_0ratio.wav,5,0,alarm
mixed3_ch2_50%_0ratio.wav,5,0,alarm
mixed3_ch2_75%_0ratio.wav,5,0,alarm
mixed3_ch2_100%_0ratio.wav,5,0,alarm
mixed3_ch2_25%_10ratio.wav,5,0,alarm
mixed3_ch2_50%_10ratio.wav,5,0,alarm
mixed3_ch2_75%_10ratio.wav,5,0,alarm
mixed3_ch2_100%_10ratio.wav,5,0,alarm
mixed3_ch2_25%_20ratio.wav,5,0,alarm
mixed3_ch2_50%_20ratio.wav,5,0,alarm
mixed3_ch2_75%_20ratio.wav,5,0,alarm
mixed3_ch2_100%_20ratio.wav,5,0,alarm
noise_ch237_25%.wav,1,1,none
noise_ch237_50%.wav,1,1,none
noise_ch237_75%.wav,1,1,none
noise_ch237_100%.wav,1,1,none
noise_ch238_25%.wav,1,1,none
noise_ch238_50%.wav,1,1,none
noise_ch238_75%.wav,1,1,none
noise_ch238_100%.wav,1,1,none
noise_ch239_25%.wav,1,1,none
noise_ch239_50%.wav,1,1,none
noise_ch239_75%.wav,1,1,none
noise_ch239_100%.wav,1,1,none
noise_ch240_25%.wav,1,1,none
noise_ch240_50%.wav,1,1,none
noise_ch240_75%.wav,1,1,none
noise_ch240_100%.wav,1,1,none
mixed3_ch3_25%_-20ratio.wav,5,0,alarm
mixed3_ch3_50%_-20ratio.wav,5,0,alarm
mixed3_ch3_75%_-20ratio.wav,5,0,alarm
mixed3_ch3_100%_-20ratio.wav,5,0,alarm
mixed3_ch3_25%_-10ratio.wav,5,0,alarm
mixed3_ch3_50%_-10ratio.wav,5,0,alarm
mixed3_ch3_75%_-10ratio.wav,5,0,alarm
mixed3_ch3_100%_-10ratio.wav,5,0,alarm
mixed3_ch3_25%_0ratio.wav,5,0,alarm
mixed3_ch3_50%_0ratio.wav,5,0,alarm
mixed3_ch3_75%_0ratio.wav,5,0,alarm
mixed3_ch3_100%_0ratio.wav,5,0,alarm
mixed3_ch3_25%_10ratio.wav,5,0,alarm
mixed3_ch3_50%_10ratio.wav,5,0,alarm
mixed3_ch3_75%_10ratio.wav,5,0,alarm
mixed3_ch3_100%_10ratio.wav,5,0,alarm
noise_ch241_25%.wav,1,1,none
noise_ch241_50%.wav,1,1,none
noise_ch241_75%.wav,1,1,none
noise_ch241_100%.wav,1,1,none
noise_ch242_25%.wav,1,1,none
noise_ch242_50%.wav,1,1,none
noise_ch242_75%.wav,1,1,none
noise_ch242_100%.wav,1,1,none
noise_ch243_25%.wav,1,1,none
noise_ch243_50%.wav,1,1,none
noise_ch243_75%.wav,1,1,none
noise_ch243_100%.wav,1,1,none
noise_ch244_25%.wav,1,1,none
noise_ch244_50%.wav,1,1,none
noise_ch244_75%.wav,1,1,none
noise_ch244_100%.wav,1,1,none
mixed3_ch3_25%_20ratio.wav,5,0,alarm
mixed3_ch3_50%_20ratio.wav,5,0,alarm
mixed3_ch3_75%_20ratio.wav,5,0,alarm
mixed3_ch3_100%_20ratio.wav,5,0,alarm
mixed3_ch4_25%_-20ratio.wav,5,0,alarm
mixed3_ch4_50%_-20ratio.wav,5,0,alarm
mixed3_ch4_75%_-20ratio.wav,5,0,alarm
mixed3_ch4_100%_-20ratio.wav,5,0,alarm
mixed3_ch4_25%_-10ratio.wav,5,0,alarm
mixed3_ch4_50%_-10ratio.wav,5,0,alarm
mixed3_ch4_75%_-10ratio.wav,5,0,alarm
mixed3_ch4_100%_-10ratio.wav,5,0,alarm
mixed3_ch4_25%_0ratio.wav,5,0,alarm
mixed3_ch4_50%_0ratio.wav,5,0,alarm
mixed3_ch4_75%_0ratio.wav,5,0,alarm
mixed3_ch4_100%_0ratio.wav,5,0,alarm
noise_ch245_25%.wav,1,1,none
noise_ch245_50%.wav,1,1,none
noise_ch245_75%.wav,1,1,none
noise_ch245_100%.wav,1,1,none
noise_ch246_25%.wav,1,1,none
noise_ch246_50%.wav,1,1,none
noise_ch246_75%.wav,1,1,none
noise_ch246_100%.wav,1,1,none
noise_ch247_25%.wav,1,1,none
noise_ch247_50%.wav,1,1,none
noise_ch247_75%.wav,1,1,none
noise_ch247_100%.wav,1,1,none
noise_ch248_25%.wav,1,1,none
noise_ch248_50%.wav,1,1,none
noise_ch248_75%.wav,1,1,none
noise_ch248_100%.wav,1,1,none
mixed3_ch4_25%_10ratio.wav,5,0,alarm
mixed3_ch4_50%_10ratio.wav,5,0,alarm
mixed3_ch4_75%_10ratio.wav,5,0,alarm
mixed3_ch4_100%_10ratio.wav,5,0,alarm
mixed3_ch4_25%_20ratio.wav,5,0,alarm
mixed3_ch4_50%_20ratio.wav,5,0,alarm
mixed3_ch4_75%_20ratio.wav,5,0,alarm
mixed3_ch4_100%_20ratio.wav,5,0,alarm
mixed3_ch5_25%_-20ratio.wav,5,0,alarm
mixed3_ch5_50%_-20ratio.wav,5,0,alarm
mixed3_ch5_75%_-20ratio.wav,5,0,alarm
mixed3_ch5_100%_-20ratio.wav,5,0,alarm
mixed3_ch5_25%_-10ratio.wav,5,0,alarm
mixed3_ch5_50%_-10ratio.wav,5,0,alarm
mixed3_ch5_75%_-10ratio.wav,5,0,alarm
mixed3_ch5_100%_-10ratio.wav,5,0,alarm
noise_ch249_25%.wav,1,1,none
noise_ch249_50%.wav,1,1,none
noise_ch249_75%.wav,1,1,none
noise_ch249_100%.wav,1,1,none
noise_ch250_25%.wav,1,1,none
noise_ch250_50%.wav,1,1,none
noise_ch250_75%.wav,1,1,none
noise_ch250_100%.wav,1,1,none
noise_ch251_25%.wav,1,1,none
noise_ch251_50%.wav,1,1,none
noise_ch251_75%.wav,1,1,none
noise_ch251_100%.wav,1,1,none
noise_ch252_25%.wav,1,1,none
noise_ch252_50%.wav,1,1,none
noise_ch252_75%.wav,1,1,none
noise_ch252_100%.wav,1,1,none
mixed3_ch5_25%_0ratio.wav,5,0,alarm
mixed3_ch5_50%_0ratio.wav,5,0,alarm
mixed3_ch5_75%_0ratio.wav,5,0,alarm
mixed3_ch5_100%_0ratio.wav,5,0,alarm
mixed3_ch5_25%_10ratio.wav,5,0,alarm
mixed3_ch5_50%_10ratio.wav,5,0,alarm
mixed3_ch5_75%_10ratio.wav,5,0,alarm
mixed3_ch5_100%_10ratio.wav,5,0,alarm
mixed3_ch5_25%_20ratio.wav,5,0,alarm
mixed3_ch5_50%_20ratio.wav,5,0,alarm
mixed3_ch5_75%_20ratio.wav,5,0,alarm
mixed3_ch5_100%_20ratio.wav,5,0,alarm
mixed3_ch6_25%_-20ratio.wav,5,0,alarm
mixed3_ch6_50%_-20ratio.wav,5,0,alarm
mixed3_ch6_75%_-20ratio.wav,5,0,alarm
mixed3_ch6_100%_-20ratio.wav,5,0,alarm
noise_ch253_25%.wav,1,1,none
noise_ch253_50%.wav,1,1,none
noise_ch253_75%.wav,1,1,none
noise_ch253_100%.wav,1,1,none
noise_ch254_25%.wav,1,1,none
noise_ch254_50%.wav,1,1,none
noise_ch254_75%.wav,1,1,none
noise_ch254_100%.wav,1,1,none
noise_ch255_25%.wav,1,1,none
noise_ch255_50%.wav,1,1,none
noise_ch255_75%.wav,1,1,none
noise_ch255_100%.wav,1,1,none
noise_ch256_25%.wav,1,1,none
noise_ch256_50%.wav,1,1,none
noise_ch256_75%.wav,1,1,none
noise_ch256_100%.wav,1,1,none
mixed3_ch6_25%_-10ratio.wav,5,0,alarm
mixed3_ch6_50%_-10ratio.wav,5,0,alarm
mixed3_ch6_75%_-10ratio.wav,5,0,alarm
mixed3_ch6_100%_-10ratio.wav,5,0,alarm
mixed3_ch6_25%_0ratio.wav,5,0,alarm
mixed3_ch6_50%_0ratio.wav,5,0,alarm
mixed3_ch6_75%_0ratio.wav,5,0,alarm
mixed3_ch6_100%_0ratio.wav,5,0,alarm
mixed3_ch6_25%_10ratio.wav,5,0,alarm
mixed3_ch6_50%_10ratio.wav,5,0,alarm
mixed3_ch6_75%_10ratio.wav,5,0,alarm
mixed3_ch6_100%_10ratio.wav,5,0,alarm
mixed3_ch6_25%_20ratio.wav,5,0,alarm
mixed3_ch6_50%_20ratio.wav,5,0,alarm
mixed3_ch6_75%_20ratio.wav,5,0,alarm
mixed3_ch6_100%_20ratio.wav,5,0,alarm
noise_ch257_25%.wav,1,1,none
noise_ch257_50%.wav,1,1,none
noise_ch257_75%.wav,1,1,none
noise_ch257_100%.wav,1,1,none
noise_ch258_25%.wav,1,1,none
noise_ch258_50%.wav,1,1,none
noise_ch258_75%.wav,1,1,none
noise_ch258_100%.wav,1,1,none
noise_ch259_25%.wav,1,1,none
noise_ch259_50%.wav,1,1,none
noise_ch259_75%.wav,1,1,none
noise_ch259_100%.wav,1,1,none
noise_ch260_25%.wav,1,1,none
noise_ch260_50%.wav,1,1,none
noise_ch260_75%.wav,1,1,none
noise_ch260_100%.wav,1,1,none
mixed3_ch7_25%_-20ratio.wav,5,0,alarm
mixed3_ch7_50%_-20ratio.wav,5,0,alarm
mixed3_ch7_75%_-20ratio.wav,5,0,alarm
mixed3_ch7_100%_-20ratio.wav,5,0,alarm
mixed3_ch7_25%_-10ratio.wav,5,0,alarm
mixed3_ch7_50%_-10ratio.wav,5,0,alarm
mixed3_ch7_75%_-10ratio.wav,5,0,alarm
mixed3_ch7_100%_-10ratio.wav,5,0,alarm
mixed3_ch7_25%_0ratio.wav,5,0,alarm
mixed3_ch7_50%_0ratio.wav,5,0,alarm
mixed3_ch7_75%_0ratio.wav,5,0,alarm
mixed3_ch7_100%_0ratio.wav,5,0,alarm
mixed3_ch7_25%_10ratio.wav,5,0,alarm
mixed3_ch7_50%_10ratio.wav,5,0,alarm
mixed3_ch7_75%_10ratio.wav,5,0,alarm
mixed3_ch7_100%_10ratio.wav,5,0,alarm
noise_ch261_25%.wav,1,1,none
noise_ch261_50%.wav,1,1,none
noise_ch261_75%.wav,1,1,none
noise_ch261_100%.wav,1,1,none
noise_ch262_25%.wav,1,1,none
noise_ch262_50%.wav,1,1,none
noise_ch262_75%.wav,1,1,none
noise_ch262_100%.wav,1,1,none
noise_ch263_25%.wav,1,1,none
noise_ch263_50%.wav,1,1,none
noise_ch263_75%.wav,1,1,none
noise_ch263_100%.wav,1,1,none
noise_ch264_25%.wav,1,1,none
noise_ch264_50%.wav,1,1,none
noise_ch264_75%.wav,1,1,none
noise_ch264_100%.wav,1,1,none
mixed3_ch7_25%_20ratio.wav,5,0,alarm
mixed3_ch7_50%_20ratio.wav,5,0,alarm
mixed3_ch7_75%_20ratio.wav,5,0,alarm
mixed3_ch7_100%_20ratio.wav,5,0,alarm
mixed3_ch8_25%_-20ratio.wav,5,0,alarm
mixed3_ch8_50%_-20ratio.wav,5,0,alarm
mixed3_ch8_75%_-20ratio.wav,5,0,alarm
mixed3_ch8_100%_-20ratio.wav,5,0,alarm
mixed3_ch8_25%_-10ratio.wav,5,0,alarm
mixed3_ch8_50%_-10ratio.wav,5,0,alarm
mixed3_ch8_75%_-10ratio.wav,5,0,alarm
mixed3_ch8_100%_-10ratio.wav,5,0,alarm
mixed3_ch8_25%_0ratio.wav,5,0,alarm
mixed3_ch8_50%_0ratio.wav,5,0,alarm
mixed3_ch8_75%_0ratio.wav,5,0,alarm
mixed3_ch8_100%_0ratio.wav,5,0,alarm
noise_ch265_25%.wav,1,1,none
noise_ch265_50%.wav,1,1,none
noise_ch265_75%.wav,1,1,none
noise_ch265_100%.wav,1,1,none
noise_ch266_25%.wav,1,1,none
noise_ch266_50%.wav,1,1,none
noise_ch266_75%.wav,1,1,none
noise_ch266_100%.wav,1,1,none
noise_ch267_25%.wav,1,1,none
noise_ch267_50%.wav,1,1,none
noise_ch267_75%.wav,1,1,none
noise_ch267_100%.wav,1,1,none
noise_ch268_25%.wav,1,1,none
noise_ch268_50%.wav,1,1,none
noise_ch268_75%.wav,1,1,none
noise_ch268_100%.wav,1,1,none
mixed3_ch8_25%_10ratio.wav,5,0,alarm
mixed3_ch8_50%_10ratio.wav,5,0,alarm
mixed3_ch8_75%_10ratio.wav,5,0,alarm
mixed3_ch8_100%_10ratio.wav,5,0,alarm
mixed3_ch8_25%_20ratio.wav,5,0,alarm
mixed3_ch8_50%_20ratio.wav,5,0,alarm
mixed3_ch8_75%_20ratio.wav,5,0,alarm
mixed3_ch8_100%_20ratio.wav,5,0,alarm
mixed3_ch9_25%_-20ratio.wav,5,0,alarm
mixed3_ch9_50%_-20ratio.wav,5,0,alarm
mixed3_ch9_75%_-20ratio.wav,5,0,alarm
mixed3_ch9_100%_-20ratio.wav,5,0,alarm
mixed3_ch9_25%_-10ratio.wav,5,0,alarm
mixed3_ch9_50%_-10ratio.wav,5,0,alarm
mixed3_ch9_75%_-10ratio.wav,5,0,alarm
mixed3_ch9_100%_-10ratio.wav,5,0,alarm
noise_ch269_25%.wav,1,1,none
noise_ch269_50%.wav,1,1,none
noise_ch269_75%.wav,1,1,none
noise_ch269_100%.wav,1,1,none
noise_ch270_25%.wav,1,1,none
noise_ch270_50%.wav,1,1,none
noise_ch270_75%.wav,1,1,none
noise_ch270_100%.wav,1,1,none
noise_ch271_25%.wav,1,1,none
noise_ch271_50%.wav,1,1,none
noise_ch271_75%.wav,1,1,none
noise_ch271_100%.wav,1,1,none
noise_ch272_25%.wav,1,1,none
noise_ch272_50%.wav,1,1,none
noise_ch272_75%.wav,1,1,none
noise_ch272_100%.wav,1,1,none
mixed3_ch9_25%_0ratio.wav,5,0,alarm
mixed3_ch9_50%_0ratio.wav,5,0,alarm
mixed3_ch9_75%_0ratio.wav,5,0,alarm
mixed3_ch9_100%_0ratio.wav,5,0,alarm
mixed3_ch9_25%_10ratio.wav,5,0,alarm
mixed3_ch9_50%_10ratio.wav,5,0,alarm
mixed3_ch9_75%_10ratio.wav,5,0,alarm
mixed3_ch9_100%_10ratio.wav,5,0,alarm
mixed3_ch9_25%_20ratio.wav,5,0,alarm
mixed3_ch9_50%_20ratio.wav,5,0,alarm
mixed3_ch9_75%_20ratio.wav,5,0,alarm
mixed3_ch9_100%_20ratio.wav,5,0,alarm
mixed3_ch10_25%_-20ratio.wav,5,0,alarm
mixed3_ch10_50%_-20ratio.wav,5,0,alarm
mixed3_ch10_75%_-20ratio.wav,5,0,alarm
mixed3_ch10_100%_-20ratio.wav,5,0,alarm
noise_ch273_25%.wav,1,1,none
noise_ch273_50%.wav,1,1,none
noise_ch273_75%.wav,1,1,none
noise_ch273_100%.wav,1,1,none
noise_ch274_25%.wav,1,1,none
noise_ch274_50%.wav,1,1,none
noise_ch274_75%.wav,1,1,none
noise_ch274_100%.wav,1,1,none
noise_ch275_25%.wav,1,1,none
noise_ch275_50%.wav,1,1,none
noise_ch275_75%.wav,1,1,none
noise_ch275_100%.wav,1,1,none
noise_ch276_25%.wav,1,1,none
noise_ch276_50%.wav,1,1,none
noise_ch276_75%.wav,1,1,none
noise_ch276_100%.wav,1,1,none
mixed3_ch10_25%_-10ratio.wav,5,0,alarm
mixed3_ch10_50%_-10ratio.wav,5,0,alarm
mixed3_ch10_75%_-10ratio.wav,5,0,alarm
mixed3_ch10_100%_-10ratio.wav,5,0,alarm
mixed3_ch10_25%_0ratio.wav,5,0,alarm
mixed3_ch10_50%_0ratio.wav,5,0,alarm
mixed3_ch10_75%_0ratio.wav,5,0,alarm
mixed3_ch10_100%_0ratio.wav,5,0,alarm
mixed3_ch10_25%_10ratio.wav,5,0,alarm
mixed3_ch10_50%_10ratio.wav,5,0,alarm
mixed3_ch10_75%_10ratio.wav,5,0,alarm
mixed3_ch10_100%_10ratio.wav,5,0,alarm
mixed3_ch10_25%_20ratio.wav,5,0,alarm
mixed3_ch10_50%_20ratio.wav,5,0,alarm
mixed3_ch10_75%_20ratio.wav,5,0,alarm
mixed3_ch10_100%_20ratio.wav,5,0,alarm
noise_ch277_25%.wav,1,1,none
noise_ch277_50%.wav,1,1,none
noise_ch277_75%.wav,1,1,none
noise_ch277_100%.wav,1,1,none
noise_ch278_25%.wav,1,1,none
noise_ch278_50%.wav,1,1,none
noise_ch278_75%.wav,1,1,none
noise_ch278_100%.wav,1,1,none
noise_ch279_25%.wav,1,1,none
noise_ch279_50%.wav,1,1,none
noise_ch279_75%.wav,1,1,none
noise_ch279_100%.wav,1,1,none
noise_ch280_25%.wav,1,1,none
noise_ch280_50%.wav,1,1,none
noise_ch280_75%.wav,1,1,none
noise_ch280_100%.wav,1,1,none
mixed3_ch11_25%_-20ratio.wav,5,0,alarm
mixed3_ch11_50%_-20ratio.wav,5,0,alarm
mixed3_ch11_75%_-20ratio.wav,5,0,alarm
mixed3_ch11_100%_-20ratio.wav,5,0,alarm
mixed3_ch11_25%_-10ratio.wav,5,0,alarm
mixed3_ch11_50%_-10ratio.wav,5,0,alarm
mixed3_ch11_75%_-10ratio.wav,5,0,alarm
mixed3_ch11_100%_-10ratio.wav,5,0,alarm
mixed3_ch11_25%_0ratio.wav,5,0,alarm
mixed3_ch11_50%_0ratio.wav,5,0,alarm
mixed3_ch11_75%_0ratio.wav,5,0,alarm
mixed3_ch11_100%_0ratio.wav,5,0,alarm
mixed3_ch11_25%_10ratio.wav,5,0,alarm
mixed3_ch11_50%_10ratio.wav,5,0,alarm
mixed3_ch11_75%_10ratio.wav,5,0,alarm
mixed3_ch11_100%_10ratio.wav,5,0,alarm
noise_ch281_25%.wav,1,1,none
noise_ch281_50%.wav,1,1,none
noise_ch281_75%.wav,1,1,none
noise_ch281_100%.wav,1,1,none
noise_ch282_25%.wav,1,1,none
noise_ch282_50%.wav,1,1,none
noise_ch282_75%.wav,1,1,none
noise_ch282_100%.wav,1,1,none
noise_ch283_25%.wav,1,1,none
noise_ch283_50%.wav,1,1,none
noise_ch283_75%.wav,1,1,none
noise_ch283_100%.wav,1,1,none
noise_ch284_25%.wav,1,1,none
noise_ch284_50%.wav,1,1,none
noise_ch284_75%.wav,1,1,none
noise_ch284_100%.wav,1,1,none
mixed3_ch11_25%_20ratio.wav,5,0,alarm
mixed3_ch11_50%_20ratio.wav,5,0,alarm
mixed3_ch11_75%_20ratio.wav,5,0,alarm
mixed3_ch11_100%_20ratio.wav,5,0,alarm
mixed3_ch12_25%_-20ratio.wav,5,0,alarm
mixed3_ch12_50%_-20ratio.wav,5,0,alarm
mixed3_ch12_75%_-20ratio.wav,5,0,alarm
mixed3_ch12_100%_-20ratio.wav,5,0,alarm
mixed3_ch12_25%_-10ratio.wav,5,0,alarm
mixed3_ch12_50%_-10ratio.wav,5,0,alarm
mixed3_ch12_75%_-10ratio.wav,5,0,alarm
mixed3_ch12_100%_-10ratio.wav,5,0,alarm
mixed3_ch12_25%_0ratio.wav,5,0,alarm
mixed3_ch12_50%_0ratio.wav,5,0,alarm
mixed3_ch12_75%_0ratio.wav,5,0,alarm
mixed3_ch12_100%_0ratio.wav,5,0,alarm
noise_ch285_25%.wav,1,1,none
noise_ch285_50%.wav,1,1,none
noise_ch285_75%.wav,1,1,none
noise_ch285_100%.wav,1,1,none
noise_ch286_25%.wav,1,1,none
noise_ch286_50%.wav,1,1,none
noise_ch286_75%.wav,1,1,none
noise_ch286_100%.wav,1,1,none
noise_ch287_25%.wav,1,1,none
noise_ch287_50%.wav,1,1,none
noise_ch287_75%.wav,1,1,none
noise_ch287_100%.wav,1,1,none
noise_ch288_25%.wav,1,1,none
noise_ch288_50%.wav,1,1,none
noise_ch288_75%.wav,1,1,none
noise_ch288_100%.wav,1,1,none
mixed3_ch12_25%_10ratio.wav,5,0,alarm
mixed3_ch12_50%_10ratio.wav,5,0,alarm
mixed3_ch12_75%_10ratio.wav,5,0,alarm
mixed3_ch12_100%_10ratio.wav,5,0,alarm
mixed3_ch12_25%_20ratio.wav,5,0,alarm
mixed3_ch12_50%_20ratio.wav,5,0,alarm
mixed3_ch12_75%_20ratio.wav,5,0,alarm
mixed3_ch12_100%_20ratio.wav,5,0,alarm
mixed3_ch13_25%_-20ratio.wav,5,0,alarm
mixed3_ch13_50%_-20ratio.wav,5,0,alarm
mixed3_ch13_75%_-20ratio.wav,5,0,alarm
mixed3_ch13_100%_-20ratio.wav,5,0,alarm
mixed3_ch13_25%_-10ratio.wav,5,0,alarm
mixed3_ch13_50%_-10ratio.wav,5,0,alarm
mixed3_ch13_75%_-10ratio.wav,5,0,alarm
mixed3_ch13_100%_-10ratio.wav,5,0,alarm
noise_ch289_25%.wav,1,1,none
noise_ch289_50%.wav,1,1,none
noise_ch289_75%.wav,1,1,none
noise_ch289_100%.wav,1,1,none
noise_ch290_25%.wav,1,1,none
noise_ch290_50%.wav,1,1,none
noise_ch290_75%.wav,1,1,none
noise_ch290_100%.wav,1,1,none
noise_ch291_25%.wav,1,1,none
noise_ch291_50%.wav,1,1,none
noise_ch291_75%.wav,1,1,none
noise_ch291_100%.wav,1,1,none
noise_ch292_25%.wav,1,1,none
noise_ch292_50%.wav,1,1,none
noise_ch292_75%.wav,1,1,none
noise_ch292_100%.wav,1,1,none
mixed3_ch13_25%_0ratio.wav,5,0,alarm
mixed3_ch13_50%_0ratio.wav,5,0,alarm
mixed3_ch13_75%_0ratio.wav,5,0,alarm
mixed3_ch13_100%_0ratio.wav,5,0,alarm
mixed3_ch13_25%_10ratio.wav,5,0,alarm
mixed3_ch13_50%_10ratio.wav,5,0,alarm
mixed3_ch13_75%_10ratio.wav,5,0,alarm
mixed3_ch13_100%_10ratio.wav,5,0,alarm
mixed3_ch13_25%_20ratio.wav,5,0,alarm
mixed3_ch13_50%_20ratio.wav,5,0,alarm
mixed3_ch13_75%_20ratio.wav,5,0,alarm
mixed3_ch13_100%_20ratio.wav,5,0,alarm
mixed3_ch14_25%_-20ratio.wav,5,0,alarm
mixed3_ch14_50%_-20ratio.wav,5,0,alarm
mixed3_ch14_75%_-20ratio.wav,5,0,alarm
mixed3_ch14_100%_-20ratio.wav,5,0,alarm
noise_ch293_25%.wav,1,1,none
noise_ch293_50%.wav,1,1,none
noise_ch293_75%.wav,1,1,none
noise_ch293_100%.wav,1,1,none
noise_ch294_25%.wav,1,1,none
noise_ch294_50%.wav,1,1,none
noise_ch294_75%.wav,1,1,none
noise_ch294_100%.wav,1,1,none
noise_ch295_25%.wav,1,1,none
noise_ch295_50%.wav,1,1,none
noise_ch295_75%.wav,1,1,none
noise_ch295_100%.wav,1,1,none
noise_ch296_25%.wav,1,1,none
noise_ch296_50%.wav,1,1,none
noise_ch296_75%.wav,1,1,none
noise_ch296_100%.wav,1,1,none
mixed3_ch14_25%_-10ratio.wav,5,0,alarm
mixed3_ch14_50%_-10ratio.wav,5,0,alarm
mixed3_ch14_75%_-10ratio.wav,5,0,alarm
mixed3_ch14_100%_-10ratio.wav,5,0,alarm
mixed3_ch14_25%_0ratio.wav,5,0,alarm
mixed3_ch14_50%_0ratio.wav,5,0,alarm
mixed3_ch14_75%_0ratio.wav,5,0,alarm
mixed3_ch14_100%_0ratio.wav,5,0,alarm
mixed3_ch14_25%_10ratio.wav,5,0,alarm
mixed3_ch14_50%_10ratio.wav,5,0,alarm
mixed3_ch14_75%_10ratio.wav,5,0,alarm
mixed3_ch14_100%_10ratio.wav,5,0,alarm
mixed3_ch14_25%_20ratio.wav,5,0,alarm
mixed3_ch14_50%_20ratio.wav,5,0,alarm
mixed3_ch14_75%_20ratio.wav,5,0,alarm
mixed3_ch14_100%_20ratio.wav,5,0,alarm
noise_ch297_25%.wav,1,1,none
noise_ch297_50%.wav,1,1,none
noise_ch297_75%.wav,1,1,none
noise_ch297_100%.wav,1,1,none
noise_ch298_25%.wav,1,1,none
noise_ch298_50%.wav,1,1,none
noise_ch298_75%.wav,1,1,none
noise_ch298_100%.wav,1,1,none
noise_ch299_25%.wav,1,1,none
noise_ch299_50%.wav,1,1,none
noise_ch299_75%.wav,1,1,none
noise_ch299_100%.wav,1,1,none
noise_ch300_25%.wav,1,1,none
noise_ch300_50%.wav,1,1,none
noise_ch300_75%.wav,1,1,none
noise_ch300_100%.wav,1,1,none
mixed3_ch15_25%_-20ratio.wav,5,0,alarm
mixed3_ch15_50%_-20ratio.wav,5,0,alarm
mixed3_ch15_75%_-20ratio.wav,5,0,alarm
mixed3_ch15_100%_-20ratio.wav,5,0,alarm
mixed3_ch15_25%_-10ratio.wav,5,0,alarm
mixed3_ch15_50%_-10ratio.wav,5,0,alarm
mixed3_ch15_75%_-10ratio.wav,5,0,alarm
mixed3_ch15_100%_-10ratio.wav,5,0,alarm
mixed3_ch15_25%_0ratio.wav,5,0,alarm
mixed3_ch15_50%_0ratio.wav,5,0,alarm
mixed3_ch15_75%_0ratio.wav,5,0,alarm
mixed3_ch15_100%_0ratio.wav,5,0,alarm
mixed3_ch15_25%_10ratio.wav,5,0,alarm
mixed3_ch15_50%_10ratio.wav,5,0,alarm
mixed3_ch15_75%_10ratio.wav,5,0,alarm
mixed3_ch15_100%_10ratio.wav,5,0,alarm
noise_ch301_25%.wav,1,1,none
noise_ch301_50%.wav,1,1,none
noise_ch301_75%.wav,1,1,none
noise_ch301_100%.wav,1,1,none
noise_ch302_25%.wav,1,1,none
noise_ch302_50%.wav,1,1,none
noise_ch302_75%.wav,1,1,none
noise_ch302_100%.wav,1,1,none
noise_ch303_25%.wav,1,1,none
noise_ch303_50%.wav,1,1,none
noise_ch303_75%.wav,1,1,none
noise_ch303_100%.wav,1,1,none
noise_ch304_25%.wav,1,1,none
noise_ch304_50%.wav,1,1,none
noise_ch304_75%.wav,1,1,none
noise_ch304_100%.wav,1,1,none
mixed3_ch15_25%_20ratio.wav,5,0,alarm
mixed3_ch15_50%_20ratio.wav,5,0,alarm
mixed3_ch15_75%_20ratio.wav,5,0,alarm
mixed3_ch15_100%_20ratio.wav,5,0,alarm
mixed3_ch16_25%_-20ratio.wav,5,0,alarm
mixed3_ch16_50%_-20ratio.wav,5,0,alarm
mixed3_ch16_75%_-20ratio.wav,5,0,alarm
mixed3_ch16_100%_-20ratio.wav,5,0,alarm
mixed3_ch16_25%_-10ratio.wav,5,0,alarm
mixed3_ch16_50%_-10ratio.wav,5,0,alarm
mixed3_ch16_75%_-10ratio.wav,5,0,alarm
mixed3_ch16_100%_-10ratio.wav,5,0,alarm
mixed3_ch16_25%_0ratio.wav,5,0,alarm
mixed3_ch16_50%_0ratio.wav,5,0,alarm
mixed3_ch16_75%_0ratio.wav,5,0,alarm
mixed3_ch16_100%_0ratio.wav,5,0,alarm
noise_ch305_25%.wav,1,1,none
noise_ch305_50%.wav,1,1,none
noise_ch305_75%.wav,1,1,none
noise_ch305_100%.wav,1,1,none
noise_ch306_25%.wav,1,1,none
noise_ch306_50%.wav,1,1,none
noise_ch306_75%.wav,1,1,none
noise_ch306_100%.wav,1,1,none
noise_ch307_25%.wav,1,1,none
noise_ch307_50%.wav,1,1,none
noise_ch307_75%.wav,1,1,none
noise_ch307_100%.wav,1,1,none
noise_ch308_25%.wav,1,1,none
noise_ch308_50%.wav,1,1,none
noise_ch308_75%.wav,1,1,none
noise_ch308_100%.wav,1,1,none
mixed3_ch16_25%_10ratio.wav,5,0,alarm
mixed3_ch16_50%_10ratio.wav,5,0,alarm
mixed3_ch16_75%_10ratio.wav,5,0,alarm
mixed3_ch16_100%_10ratio.wav,5,0,alarm
mixed3_ch16_25%_20ratio.wav,5,0,alarm
mixed3_ch16_50%_20ratio.wav,5,0,alarm
mixed3_ch16_75%_20ratio.wav,5,0,alarm
mixed3_ch16_100%_20ratio.wav,5,0,alarm
mixed3_ch17_25%_-20ratio.wav,5,0,alarm
mixed3_ch17_50%_-20ratio.wav,5,0,alarm
mixed3_ch17_75%_-20ratio.wav,5,0,alarm
mixed3_ch17_100%_-20ratio.wav,5,0,alarm
mixed3_ch17_25%_-10ratio.wav,5,0,alarm
mixed3_ch17_50%_-10ratio.wav,5,0,alarm
mixed3_ch17_75%_-10ratio.wav,5,0,alarm
mixed3_ch17_100%_-10ratio.wav,5,0,alarm
noise_ch309_25%.wav,1,1,none
noise_ch309_50%.wav,1,1,none
noise_ch309_75%.wav,1,1,none
noise_ch309_100%.wav,1,1,none
noise_ch310_25%.wav,1,1,none
noise_ch310_50%.wav,1,1,none
noise_ch310_75%.wav,1,1,none
noise_ch310_100%.wav,1,1,none
noise_ch311_25%.wav,1,1,none
noise_ch311_50%.wav,1,1,none
noise_ch311_75%.wav,1,1,none
noise_ch311_100%.wav,1,1,none
noise_ch312_25%.wav,1,1,none
noise_ch312_50%.wav,1,1,none
noise_ch312_75%.wav,1,1,none
noise_ch312_100%.wav,1,1,none
mixed3_ch17_25%_0ratio.wav,5,0,alarm
mixed3_ch17_50%_0ratio.wav,5,0,alarm
mixed3_ch17_75%_0ratio.wav,5,0,alarm
mixed3_ch17_100%_0ratio.wav,5,0,alarm
mixed3_ch17_25%_10ratio.wav,5,0,alarm
mixed3_ch17_50%_10ratio.wav,5,0,alarm
mixed3_ch17_75%_10ratio.wav,5,0,alarm
mixed3_ch17_100%_10ratio.wav,5,0,alarm
mixed3_ch17_25%_20ratio.wav,5,0,alarm
mixed3_ch17_50%_20ratio.wav,5,0,alarm
mixed3_ch17_75%_20ratio.wav,5,0,alarm
mixed3_ch17_100%_20ratio.wav,5,0,alarm
mixed3_ch18_25%_-20ratio.wav,5,0,alarm
mixed3_ch18_50%_-20ratio.wav,5,0,alarm
mixed3_ch18_75%_-20ratio.wav,5,0,alarm
mixed3_ch18_100%_-20ratio.wav,5,0,alarm
noise_ch313_25%.wav,1,1,none
noise_ch313_50%.wav,1,1,none
noise_ch313_75%.wav,1,1,none
noise_ch313_100%.wav,1,1,none
noise_ch314_25%.wav,1,1,none
noise_ch314_50%.wav,1,1,none
noise_ch314_75%.wav,1,1,none
noise_ch314_100%.wav,1,1,none
noise_ch315_25%.wav,1,1,none
noise_ch315_50%.wav,1,1,none
noise_ch315_75%.wav,1,1,none
noise_ch315_100%.wav,1,1,none
noise_ch316_25%.wav,1,1,none
noise_ch316_50%.wav,1,1,none
noise_ch316_75%.wav,1,1,none
noise_ch316_100%.wav,1,1,none
mixed3_ch18_25%_-10ratio.wav,5,0,alarm
mixed3_ch18_50%_-10ratio.wav,5,0,alarm
mixed3_ch18_75%_-10ratio.wav,5,0,alarm
mixed3_ch18_100%_-10ratio.wav,5,0,alarm
mixed3_ch18_25%_0ratio.wav,5,0,alarm
mixed3_ch18_50%_0ratio.wav,5,0,alarm
mixed3_ch18_75%_0ratio.wav,5,0,alarm
mixed3_ch18_100%_0ratio.wav,5,0,alarm
mixed3_ch18_25%_10ratio.wav,5,0,alarm
mixed3_ch18_50%_10ratio.wav,5,0,alarm
mixed3_ch18_75%_10ratio.wav,5,0,alarm
mixed3_ch18_100%_10ratio.wav,5,0,alarm
mixed3_ch18_25%_20ratio.wav,5,0,alarm
mixed3_ch18_50%_20ratio.wav,5,0,alarm
mixed3_ch18_75%_20ratio.wav,5,0,alarm
mixed3_ch18_100%_20ratio.wav,5,0,alarm
noise_ch317_25%.wav,1,1,none
noise_ch317_50%.wav,1,1,none
noise_ch317_75%.wav,1,1,none
noise_ch317_100%.wav,1,1,none
noise_ch318_25%.wav,1,1,none
noise_ch318_50%.wav,1,1,none
noise_ch318_75%.wav,1,1,none
noise_ch318_100%.wav,1,1,none
noise_ch319_25%.wav,1,1,none
noise_ch319_50%.wav,1,1,none
noise_ch319_75%.wav,1,1,none
noise_ch319_100%.wav,1,1,none
noise_ch320_25%.wav,1,1,none
noise_ch320_50%.wav,1,1,none
noise_ch320_75%.wav,1,1,none
noise_ch320_100%.wav,1,1,none
mixed3_ch19_25%_-20ratio.wav,5,0,alarm
mixed3_ch19_50%_-20ratio.wav,5,0,alarm
mixed3_ch19_75%_-20ratio.wav,5,0,alarm
mixed3_ch19_100%_-20ratio.wav,5,0,alarm
mixed3_ch19_25%_-10ratio.wav,5,0,alarm
mixed3_ch19_50%_-10ratio.wav,5,0,alarm
mixed3_ch19_75%_-10ratio.wav,5,0,alarm
mixed3_ch19_100%_-10ratio.wav,5,0,alarm
mixed3_ch19_25%_0ratio.wav,5,0,alarm
mixed3_ch19_50%_0ratio.wav,5,0,alarm
mixed3_ch19_75%_0ratio.wav,5,0,alarm
mixed3_ch19_100%_0ratio.wav,5,0,alarm
mixed3_ch19_25%_10ratio.wav,5,0,alarm
mixed3_ch19_50%_10ratio.wav,5,0,alarm
mixed3_ch19_75%_10ratio.wav,5,0,alarm
mixed3_ch19_100%_10ratio.wav,5,0,alarm
noise_ch321_25%.wav,1,1,none
noise_ch321_50%.wav,1,1,none
noise_ch321_75%.wav,1,1,none
noise_ch321_100%.wav,1,1,none
noise_ch322_25%.wav,1,1,none
noise_ch322_50%.wav,1,1,none
noise_ch322_75%.wav,1,1,none
noise_ch322_100%.wav,1,1,none
noise_ch323_25%.wav,1,1,none
noise_ch323_50%.wav,1,1,none
noise_ch323_75%.wav,1,1,none
noise_ch323_100%.wav,1,1,none
noise_ch324_25%.wav,1,1,none
noise_ch324_50%.wav,1,1,none
noise_ch324_75%.wav,1,1,none
noise_ch324_100%.wav,1,1,none
mixed3_ch19_25%_20ratio.wav,5,0,alarm
mixed3_ch19_50%_20ratio.wav,5,0,alarm
mixed3_ch19_75%_20ratio.wav,5,0,alarm
mixed3_ch19_100%_20ratio.wav,5,0,alarm
mixed3_ch20_25%_-20ratio.wav,5,0,alarm
mixed3_ch20_50%_-20ratio.wav,5,0,alarm
mixed3_ch20_75%_-20ratio.wav,5,0,alarm
mixed3_ch20_100%_-20ratio.wav,5,0,alarm
mixed3_ch20_25%_-10ratio.wav,5,0,alarm
mixed3_ch20_50%_-10ratio.wav,5,0,alarm
mixed3_ch20_75%_-10ratio.wav,5,0,alarm
mixed3_ch20_100%_-10ratio.wav,5,0,alarm
mixed3_ch20_25%_0ratio.wav,5,0,alarm
mixed3_ch20_50%_0ratio.wav,5,0,alarm
mixed3_ch20_75%_0ratio.wav,5,0,alarm
mixed3_ch20_100%_0ratio.wav,5,0,alarm
noise_ch325_25%.wav,1,1,none
noise_ch325_50%.wav,1,1,none
noise_ch325_75%.wav,1,1,none
noise_ch325_100%.wav,1,1,none
noise_ch326_25%.wav,1,1,none
noise_ch326_50%.wav,1,1,none
noise_ch326_75%.wav,1,1,none
noise_ch326_100%.wav,1,1,none
noise_ch327_25%.wav,1,1,none
noise_ch327_50%.wav,1,1,none
noise_ch327_75%.wav,1,1,none
noise_ch327_100%.wav,1,1,none
noise_ch328_25%.wav,1,1,none
noise_ch328_50%.wav,1,1,none
noise_ch328_75%.wav,1,1,none
noise_ch328_100%.wav,1,1,none
mixed3_ch20_25%_10ratio.wav,5,0,alarm
mixed3_ch20_50%_10ratio.wav,5,0,alarm
mixed3_ch20_75%_10ratio.wav,5,0,alarm
mixed3_ch20_100%_10ratio.wav,5,0,alarm
mixed3_ch20_25%_20ratio.wav,5,0,alarm
mixed3_ch20_50%_20ratio.wav,5,0,alarm
mixed3_ch20_75%_20ratio.wav,5,0,alarm
mixed3_ch20_100%_20ratio.wav,5,0,alarm
mixed3_ch21_25%_-20ratio.wav,5,0,alarm
mixed3_ch21_50%_-20ratio.wav,5,0,alarm
mixed3_ch21_75%_-20ratio.wav,5,0,alarm
mixed3_ch21_100%_-20ratio.wav,5,0,alarm
mixed3_ch21_25%_-10ratio.wav,5,0,alarm
mixed3_ch21_50%_-10ratio.wav,5,0,alarm
mixed3_ch21_75%_-10ratio.wav,5,0,alarm
mixed3_ch21_100%_-10ratio.wav,5,0,alarm
noise_ch329_25%.wav,1,1,none
noise_ch329_50%.wav,1,1,none
noise_ch329_75%.wav,1,1,none
noise_ch329_100%.wav,1,1,none
noise_ch330_25%.wav,1,1,none
noise_ch330_50%.wav,1,1,none
noise_ch330_75%.wav,1,1,none
noise_ch330_100%.wav,1,1,none
noise_ch331_25%.wav,1,1,none
noise_ch331_50%.wav,1,1,none
noise_ch331_75%.wav,1,1,none
noise_ch331_100%.wav,1,1,none
noise_ch332_25%.wav,1,1,none
noise_ch332_50%.wav,1,1,none
noise_ch332_75%.wav,1,1,none
noise_ch332_100%.wav,1,1,none
mixed3_ch21_25%_0ratio.wav,5,0,alarm
mixed3_ch21_50%_0ratio.wav,5,0,alarm
mixed3_ch21_75%_0ratio.wav,5,0,alarm
mixed3_ch21_100%_0ratio.wav,5,0,alarm
mixed3_ch21_25%_10ratio.wav,5,0,alarm
mixed3_ch21_50%_10ratio.wav,5,0,alarm
mixed3_ch21_75%_10ratio.wav,5,0,alarm
mixed3_ch21_100%_10ratio.wav,5,0,alarm
mixed3_ch21_25%_20ratio.wav,5,0,alarm
mixed3_ch21_50%_20ratio.wav,5,0,alarm
mixed3_ch21_75%_20ratio.wav,5,0,alarm
mixed3_ch21_100%_20ratio.wav,5,0,alarm
mixed3_ch22_25%_-20ratio.wav,5,0,alarm
mixed3_ch22_50%_-20ratio.wav,5,0,alarm
mixed3_ch22_75%_-20ratio.wav,5,0,alarm
mixed3_ch22_100%_-20ratio.wav,5,0,alarm
noise_ch333_25%.wav,1,1,none
noise_ch333_50%.wav,1,1,none
noise_ch333_75%.wav,1,1,none
noise_ch333_100%.wav,1,1,none
noise_ch334_25%.wav,1,1,none
noise_ch334_50%.wav,1,1,none
noise_ch334_75%.wav,1,1,none
noise_ch334_100%.wav,1,1,none
noise_ch335_25%.wav,1,1,none
noise_ch335_50%.wav,1,1,none
noise_ch335_75%.wav,1,1,none
noise_ch335_100%.wav,1,1,none
noise_ch336_25%.wav,1,1,none
noise_ch336_50%.wav,1,1,none
noise_ch336_75%.wav,1,1,none
noise_ch336_100%.wav,1,1,none
mixed3_ch22_25%_-10ratio.wav,5,0,alarm
mixed3_ch22_50%_-10ratio.wav,5,0,alarm
mixed3_ch22_75%_-10ratio.wav,5,0,alarm
mixed3_ch22_100%_-10ratio.wav,5,0,alarm
mixed3_ch22_25%_0ratio.wav,5,0,alarm
mixed3_ch22_50%_0ratio.wav,5,0,alarm
mixed3_ch22_75%_0ratio.wav,5,0,alarm
mixed3_ch22_100%_0ratio.wav,5,0,alarm
mixed3_ch22_25%_10ratio.wav,5,0,alarm
mixed3_ch22_50%_10ratio.wav,5,0,alarm
mixed3_ch22_75%_10ratio.wav,5,0,alarm
mixed3_ch22_100%_10ratio.wav,5,0,alarm
mixed3_ch22_25%_20ratio.wav,5,0,alarm
mixed3_ch22_50%_20ratio.wav,5,0,alarm
mixed3_ch22_75%_20ratio.wav,5,0,alarm
mixed3_ch22_100%_20ratio.wav,5,0,alarm
noise_ch337_25%.wav,1,1,none
noise_ch337_50%.wav,1,1,none
noise_ch337_75%.wav,1,1,none
noise_ch337_100%.wav,1,1,none
noise_ch338_25%.wav,1,1,none
noise_ch338_50%.wav,1,1,none
noise_ch338_75%.wav,1,1,none
noise_ch338_100%.wav,1,1,none
noise_ch339_25%.wav,1,1,none
noise_ch339_50%.wav,1,1,none
noise_ch339_75%.wav,1,1,none
noise_ch339_100%.wav,1,1,none
noise_ch340_25%.wav,1,1,none
noise_ch340_50%.wav,1,1,none
noise_ch340_75%.wav,1,1,none
noise_ch340_100%.wav,1,1,none
mixed3_ch23_25%_-20ratio.wav,5,0,alarm
mixed3_ch23_50%_-20ratio.wav,5,0,alarm
mixed3_ch23_75%_-20ratio.wav,5,0,alarm
mixed3_ch23_100%_-20ratio.wav,5,0,alarm
1-1.wav,2,0,alarm
1-2.wav,2,0,alarm
1-3.wav,2,0,alarm
1-4.wav,2,0,alarm
2-1.wav,2,0,alarm
2-2.wav,2,0,alarm
2-3.wav,2,0,alarm
2-4.wav,2,0,alarm
3-1.wav,2,0,alarm
3-2.wav,2,0,alarm
3-3.wav,2,0,alarm
3-4.wav,2,0,alarm
noise_ch341_25%.wav,1,1,none
noise_ch341_50%.wav,1,1,none
noise_ch341_75%.wav,1,1,none
noise_ch341_100%.wav,1,1,none
noise_ch342_25%.wav,1,1,none
noise_ch342_50%.wav,1,1,none
noise_ch342_75%.wav,1,1,none
noise_ch342_100%.wav,1,1,none
noise_ch343_25%.wav,1,1,none
noise_ch343_50%.wav,1,1,none
noise_ch343_75%.wav,1,1,none
noise_ch343_100%.wav,1,1,none
0-1.wav,2,1,none
0-2.wav,2,1,none
0-3.wav,2,1,none
0-4.wav,2,1,none